datetime,total_real_power,reactive_power,voltage,current_intensity,kitchen,laundry_room,temp_control
2006-12-16,1209.176,34.922,236.24376,5180.8,0.0,32.760002,295.56
2006-12-17,3390.46,226.006,240.08702,14398.6,121.98,251.22,800.46
2006-12-18,2203.826,161.792,241.23169,9247.2,63.78,157.26,841.08
2006-12-19,1666.194,150.942,241.9993,7094.0,50.34,456.12,371.82
2006-12-20,2225.748,160.998,242.30807,9313.0,0.0,158.88,843.78
2006-12-21,1723.288,144.434,241.03917,7266.4,105.9,161.52,627.36
2006-12-22,2341.338,186.906,241.18456,9897.0,189.06,21.0,667.86
2006-12-23,4773.386,221.47,240.13606,20200.4,160.14,25.5,883.56
2006-12-24,2550.012,149.9,241.68744,11002.2,102.18,304.92,413.46
2006-12-25,2743.12,240.28,243.39993,11450.2,397.2,117.72,347.7
2006-12-26,3934.11,165.102,241.62543,16341.0,65.159996,151.98,898.74
2006-12-27,1528.76,178.90201,243.76736,6505.2,0.0,18.84,418.56
2006-12-28,2072.638,208.876,243.26834,8764.2,132.42,265.14,550.56
2006-12-29,3174.392,196.394,240.8713,13350.8,75.12,309.72,679.74
2006-12-30,2796.108,312.142,240.53969,11952.6,184.32,473.58002,750.96
2006-12-31,3494.196,150.852,239.89658,14687.4,0.0,20.82,390.12
2007-01-01,2749.004,148.166,240.12897,11400.4,0.0,21.119999,352.80002
2007-01-02,1269.236,190.342,241.94377,5348.2,0.0,20.88,393.72
2007-01-03,1014.054,196.728,243.5571,4340.2,0.0,20.64,285.9
2007-01-04,3259.412,202.302,239.7503,13648.6,63.059998,455.82,653.76
2007-01-05,2713.364,173.154,240.49577,11354.6,88.98,22.74,456.12
2007-01-06,1508.378,192.188,239.67305,6543.2,80.16,24.119999,340.68
2007-01-07,2447.62,246.074,240.9025,10487.0,119.22,490.62,768.60004
2007-01-08,2241.36,207.568,239.57695,9434.4,0.0,28.019999,1052.8201
2007-01-09,1869.054,207.248,240.48752,7950.4,101.28,256.02,587.4
2007-01-10,2154.8,228.452,241.02745,9155.2,46.260002,267.36,660.72003
2007-01-11,2255.194,230.02,241.15569,9588.0,82.68,130.2,744.9
2007-01-12,1461.296,199.14,241.53822,6205.2,0.0,26.34,496.56
2007-01-13,3186.814,290.736,239.28362,13612.4,468.36002,178.5,680.46
2007-01-14,3009.442,227.278,238.82254,12912.2,106.619995,252.9,778.5
2007-01-15,2148.678,174.86,241.2409,9016.6,65.94,134.34,909.78
2007-01-16,1686.404,185.428,241.94475,7165.4,123.78,38.64,394.98
2007-01-17,2847.688,200.752,241.00525,11928.8,210.0,344.22,963.84
2007-01-18,1821.462,177.712,240.8936,7693.2,0.0,20.16,809.46
2007-01-19,1480.44,170.052,240.16093,6301.8,126.18,19.8,430.32
2007-01-20,3133.732,238.362,238.86746,13461.2,259.44,313.32,686.4
2007-01-21,3407.262,229.73601,238.96812,14674.6,620.76,334.02,695.94
2007-01-22,2180.494,168.642,241.60312,9151.6,63.239998,178.98,681.66003
2007-01-23,1777.64,138.28,242.76256,7575.6,0.0,63.84,303.66
2007-01-24,2987.854,178.06,241.4577,12576.4,207.84,148.8,704.64
2007-01-25,1596.344,144.16,243.42438,6666.2,69.48,15.719999,674.34
2007-01-26,1617.972,142.902,242.77179,6798.8,69.78,15.66,494.28
2007-01-27,2044.072,148.242,241.61658,8567.8,70.2,233.76,742.44
2007-01-28,3091.588,153.426,240.30504,13149.0,207.96,239.88,723.78
2007-01-29,1982.664,165.696,240.9296,8336.0,67.38,17.64,915.24
2007-01-30,1707.798,180.934,241.84088,7240.6,67.38,85.44,488.94
2007-01-31,2363.752,185.988,239.92114,9970.0,0.0,357.0,903.12
2007-02-01,1824.76,150.264,240.39215,7678.8,70.2,23.16,788.7
2007-02-02,1667.736,139.542,240.3344,7014.0,0.0,21.359999,680.28
2007-02-03,4029.722,245.824,238.9102,17015.0,284.76,274.38,1070.04
2007-02-04,3595.94,186.494,239.63333,15214.2,203.45999,275.82,868.32
2007-02-05,1645.28,147.228,240.8103,6941.4,53.76,153.84,470.94
2007-02-06,1273.48,142.566,241.26414,5431.6,71.1,24.3,271.02
2007-02-07,2328.018,177.70801,241.14969,9780.0,197.94,210.78,719.16003
2007-02-08,1801.4141,138.896,241.7973,7557.6,133.56,21.96,609.42
2007-02-09,1620.198,158.066,241.74045,6807.2,0.0,182.7,586.2
2007-02-10,2829.328,192.974,240.03683,11957.4,304.26,169.86,864.3
2007-02-11,3571.228,204.314,239.50613,15158.6,145.8,285.9,786.84
2007-02-12,1877.61,136.704,240.0985,7925.0,133.62,23.939999,691.02
2007-02-13,1414.546,134.678,241.16685,5967.0,0.0,169.68001,375.36002
2007-02-14,2498.672,202.506,240.3754,10533.8,197.7,227.58,694.74
2007-02-15,1985.346,165.964,240.66922,8381.2,0.0,141.78,841.68
2007-02-16,1702.528,151.686,240.82094,7267.0,68.88,51.54,521.34
2007-02-17,2076.912,238.968,239.31604,8826.0,105.9,133.56,429.42
2007-02-18,3829.762,255.522,239.1708,16184.0,366.42,480.18,787.74
2007-02-19,2186.614,176.584,239.78958,9276.8,98.04,174.0,785.1
2007-02-20,3149.928,187.158,239.86545,13202.6,123.479996,311.46,582.78
2007-02-21,2072.874,189.87,240.46095,8747.2,211.62,139.92,692.88
2007-02-22,3374.356,138.46,238.631,14214.2,84.659996,247.92,737.22003
2007-02-23,1313.48,149.344,240.68596,5508.6,0.0,30.179998,647.16003
2007-02-24,714.922,122.202,239.86311,3003.6,0.0,21.779999,213.72
2007-02-25,501.74,113.736,241.68155,2105.6,0.0,19.74,99.6
2007-02-26,568.484,108.28,241.27359,2388.8,0.0,19.859999,169.8
2007-02-27,518.112,113.204,242.94427,2195.4,0.0,18.84,115.44
2007-02-28,520.774,113.372,242.15959,2201.0,0.0,20.4,118.380005
2007-03-01,517.564,107.628,241.3214,2172.8,0.0,18.96,118.8
2007-03-02,515.688,107.008,240.5916,2169.8,0.0,20.4,118.14
2007-03-03,819.122,134.992,241.28809,3457.6,0.0,20.82,275.82
2007-03-04,2090.7,175.682,240.0298,8867.8,88.56,522.66,564.48
2007-03-05,2660.332,205.956,240.0309,11290.0,343.62,726.54,601.56
2007-03-06,1246.5,186.148,240.98807,5321.8,0.0,104.4,282.0
2007-03-07,2375.206,171.2,240.32356,9986.4,64.56,285.66,930.78
2007-03-08,1572.132,187.404,240.66544,6717.8,130.8,203.1,399.30002
2007-03-09,1272.6119,119.238,240.88846,5373.0,65.58,20.699999,517.86
2007-03-10,2484.712,243.528,239.80284,10572.4,247.8,325.32,658.74
2007-03-11,3480.636,173.37401,240.0073,14575.0,288.6,205.2,570.0
2007-03-12,1950.668,134.422,240.55873,8249.0,84.18,170.46,741.18
2007-03-13,1290.144,126.718,240.89796,5480.2,81.0,231.54,319.38
2007-03-14,1793.364,157.522,240.7773,7585.2,209.1,28.8,516.42
2007-03-15,1884.814,159.326,240.28049,7953.4,0.0,195.78,662.16003
2007-03-16,1702.054,130.20801,239.52713,7189.0,66.36,276.24,322.2
2007-03-17,2028.09,127.068,238.22466,8562.4,132.48,21.539999,736.5
2007-03-18,2371.046,241.45,241.04784,10091.4,393.84,442.13998,351.36002
2007-03-19,2152.518,144.764,240.49709,9046.0,98.88,161.16,847.08
2007-03-20,2086.228,164.87,240.81564,8857.8,224.7,170.22,675.3
2007-03-21,2142.092,142.83,240.98665,8981.6,111.9,247.98,740.10004
2007-03-22,1454.978,113.826,241.76352,6081.2,21.18,44.16,627.72003
2007-03-23,1309.008,119.488,241.6455,5477.4,67.62,46.62,502.14
2007-03-24,2968.43,191.024,239.70447,12532.8,222.42,347.82,982.92
2007-03-25,3338.404,236.124,240.03073,14000.0,277.8,216.0,562.5
2007-03-26,1416.082,160.966,241.3368,6023.6,65.28,20.64,545.76
2007-03-27,1105.14,151.726,240.60197,4747.0,0.0,181.14,221.82
2007-03-28,2333.898,196.518,240.44461,9870.6,67.32,511.62,833.28
2007-03-29,1590.406,198.696,240.5367,6734.6,69.72,27.599998,643.44
2007-03-30,1402.394,181.128,241.03923,6033.0,65.64,28.08,493.02
2007-03-31,3509.51,231.504,239.26076,14781.2,157.2,462.42,1060.92
2007-04-01,2785.952,202.552,240.02448,11735.2,277.74,324.06,1170.54
2007-04-02,1960.778,174.336,240.46011,8226.2,105.299995,58.2,998.46
2007-04-03,1642.82,168.76,240.50494,6978.6,217.8,62.52,458.22
2007-04-04,2051.868,172.318,240.33179,8620.2,206.04,25.199999,884.88
2007-04-05,1844.078,244.538,241.17311,7907.8,65.16,256.62,631.38
2007-04-06,1601.14,143.214,241.18446,6751.6,0.0,327.96,549.96
2007-04-07,1553.924,138.73,240.37859,6573.0,67.62,186.66,355.38
2007-04-08,1608.816,135.882,240.34918,6796.6,0.0,29.099998,212.70001
2007-04-09,1000.92,160.11,240.55048,4283.4,160.02,30.84,228.06
2007-04-10,777.364,148.94,240.81369,3380.2,12.54,44.52,154.32
2007-04-11,887.482,192.446,241.15482,3771.0,0.0,66.72,385.26
2007-04-12,537.706,147.812,240.25606,2301.0,0.0,32.46,109.08
2007-04-13,551.022,151.64,240.05048,2366.4,0.0,33.48,119.28
2007-04-14,554.268,155.61,240.31316,2378.0,0.0,34.68,120.48
2007-04-15,726.164,171.544,240.2367,3148.6,0.0,61.559998,173.58
2007-04-16,952.39,186.074,240.65714,4136.4,57.12,78.299995,279.36002
2007-04-17,1223.734,218.354,240.19566,5314.8,91.92,23.34,371.94
2007-04-18,998.246,165.224,240.14679,4313.4,94.74,21.3,205.8
2007-04-19,1028.658,149.66,240.42984,4400.4,43.98,96.299995,344.88
2007-04-20,822.58,145.646,240.1329,3592.6,64.14,21.599998,209.94
2007-04-21,1673.656,212.658,239.21324,7251.4,394.5,27.779999,667.74
2007-04-22,2233.714,267.194,239.60887,9631.4,255.84,137.22,666.12
2007-04-23,1054.566,135.64,237.23566,4700.4,84.12,30.359999,360.3
2007-04-24,1032.1,135.264,235.34492,4528.6,67.5,31.619999,400.8
2007-04-25,1264.162,164.73601,234.9411,5555.6,0.0,88.14,528.72
2007-04-26,1275.466,163.606,234.78731,5650.2,79.44,110.7,429.78
2007-04-27,1094.332,161.928,235.21617,4770.0,106.32,32.7,285.36
2007-04-28,1113.694,163.744,235.18073,4850.4,106.32,33.78,285.36
2007-04-29,1113.694,163.744,235.18073,4850.4,106.32,33.78,285.36
2007-04-30,814.78,160.96,235.03644,3613.4,72.84,51.18,197.94
2007-05-01,1663.858,181.608,234.67871,7305.6,240.3,59.7,512.76
2007-05-02,1003.486,160.092,235.58208,4523.8,0.42,89.4,225.24
2007-05-03,1090.238,150.942,235.1349,4763.0,114.36,103.5,470.16
2007-05-04,998.128,174.74,235.7102,4432.4,135.54,32.28,239.4
2007-05-05,1563.052,174.102,235.03502,6820.0,174.78,149.58,678.18
2007-05-06,2102.104,182.336,234.40965,9229.0,192.9,56.94,605.7
2007-05-07,1643.664,168.918,234.53697,7172.6,56.76,296.1,565.98
2007-05-08,1789.292,181.612,234.90623,7713.2,274.86002,120.659996,526.62
2007-05-09,1665.736,183.484,234.87372,7280.8,181.08,337.86,568.44
2007-05-10,707.884,168.314,235.79626,3177.8,56.760002,32.04,195.66
2007-05-11,979.154,132.096,235.22975,4359.8,55.56,29.46,388.26
2007-05-12,1441.566,209.172,234.7229,6279.2,134.82,64.5,624.48
2007-05-13,1634.738,220.67,235.70871,7155.6,216.72,144.84,537.48
2007-05-14,1467.782,298.552,235.69006,6586.8,190.56,145.02,331.02
2007-05-15,904.392,111.182,235.612,3936.0,0.0,24.48,319.08
2007-05-16,1692.944,135.894,235.2608,7303.4,132.78,345.36,544.62
2007-05-17,1231.816,131.188,235.86847,5358.2,60.84,124.38,461.22
2007-05-18,1631.53,171.258,235.9946,7022.4,196.2,234.78,486.96
2007-05-19,1429.442,167.858,234.94473,6219.8,280.98,31.8,421.32
2007-05-20,1968.328,187.532,235.34811,8555.8,325.2,103.979996,456.66
2007-05-21,1120.062,117.28,234.69191,4807.6,0.0,28.08,543.6
2007-05-22,1132.852,128.916,235.48058,4895.8,55.86,237.96,239.04
2007-05-23,1464.936,165.878,234.8125,6332.4,57.36,227.52,487.13998
2007-05-24,1154.3881,135.56,235.54607,4985.4,57.3,246.95999,284.76
2007-05-25,1614.22,174.588,234.4472,7003.4,483.6,35.16,392.34
2007-05-26,1512.248,174.24,235.06989,6570.4,142.38,165.23999,517.68
2007-05-27,2153.808,219.894,234.90845,9369.4,261.96,332.04,626.64
2007-05-28,1637.468,151.1,234.90657,7087.6,273.24,28.38,575.16
2007-05-29,1061.34,113.244,235.69435,4618.4,0.0,114.42,259.91998
2007-05-30,1609.866,147.058,234.8314,6953.0,135.0,356.88,468.24
2007-05-31,938.55,129.586,235.09653,4020.2,56.100002,28.619999,213.12
2007-06-01,1046.09,143.516,235.32092,4517.4,0.0,29.099998,459.84
2007-06-02,1484.362,166.108,234.46902,6442.6,238.26,75.0,457.97998
2007-06-03,2108.026,182.45801,234.76237,9148.2,299.1,451.74,500.04
2007-06-04,911.618,223.192,234.74806,4064.0,95.1,50.16,271.98
2007-06-05,1458.892,255.692,234.69278,6429.8,269.04,61.62,386.88
2007-06-06,1693.942,231.132,234.62344,7352.8,199.74,49.739998,699.77997
2007-06-07,985.002,172.334,234.47879,4294.6,59.100002,41.94,237.54
2007-06-08,2148.046,229.732,236.19743,9285.4,167.94,686.4,682.8
2007-06-09,1137.136,232.936,240.65472,4891.6,59.4,49.5,435.24002
2007-06-10,1340.812,239.092,240.8443,5768.2,252.12,115.44,358.98
2007-06-11,794.654,194.634,240.85675,3481.8,0.0,29.22,319.68
2007-06-12,918.766,216.416,240.22488,4116.4,112.92,28.5,233.88
2007-06-13,927.272,208.26,240.39761,4057.2,57.42,51.42,312.96
2007-06-14,1259.084,231.696,239.8478,5448.0,199.31999,128.81999,423.24
2007-06-15,989.604,251.762,240.46439,4415.4,136.14,240.66,272.82
2007-06-16,2017.762,307.558,239.5017,8604.0,197.34,269.88,666.48
2007-06-17,1947.09,239.814,240.21918,8307.8,247.44,302.28,524.04
2007-06-18,678.474,180.81,240.7762,2993.4,0.0,31.74,254.46
2007-06-19,842.556,187.98601,240.26782,3683.2,58.38,32.1,261.42
2007-06-20,1074.286,227.302,240.15616,4761.8,105.66,155.28,306.36002
2007-06-21,806.946,222.546,240.57494,3601.2,55.92,144.0,222.66
2007-06-22,566.294,208.526,240.83563,2602.6,0.0,57.059998,208.92
2007-06-23,477.566,193.12,240.31897,2211.4,0.0,47.16,144.12
2007-06-24,714.656,179.362,241.1322,3179.0,0.0,47.46,206.94
2007-06-25,1072.202,197.27,240.42227,4680.0,119.1,217.26,288.96
2007-06-26,944.908,182.42,240.09451,4143.0,58.26,80.04,313.86002
2007-06-27,1480.826,206.998,239.75842,6378.0,156.18,387.06,436.2
2007-06-28,1295.438,217.446,239.42368,5601.0,0.0,262.08,572.46
2007-06-29,1305.634,206.526,240.18114,5679.4,261.78,40.079998,408.9
2007-06-30,1335.314,188.354,240.01161,5719.0,182.94,47.52,502.56
2007-07-01,1026.664,172.448,240.06714,4436.2,58.14,44.16,281.4
2007-07-02,967.032,176.924,240.67181,4216.0,61.079998,316.86,206.70001
2007-07-03,1059.912,180.338,240.18694,4652.2,28.019999,192.84,281.7
2007-07-04,1003.41,253.334,240.65964,4457.4,139.73999,133.08,337.92
2007-07-05,1057.29,246.716,240.44444,4655.8,175.31999,46.2,238.38
2007-07-06,1069.524,219.35,240.59946,4706.8,169.56,213.78,240.3
2007-07-07,1358.206,214.044,239.91014,5810.2,59.82,182.81999,610.62
2007-07-08,1089.08,196.92,240.33888,4736.6,109.5,169.86,316.62
2007-07-09,1180.158,172.422,240.61765,5063.4,55.38,35.64,563.16003
2007-07-10,908.324,176.244,239.98305,4012.0,4.02,133.62,277.86002
2007-07-11,722.352,153.856,241.03003,3167.2,60.9,38.82,317.04
2007-07-12,1069.582,209.098,240.76463,4656.4,61.74,153.0,385.14
2007-07-13,794.382,206.694,240.8548,3529.2,0.0,37.98,265.62
2007-07-14,1288.17,258.45,241.29189,5607.4,226.5,118.079994,396.24002
2007-07-15,1041.71,258.098,240.55469,4596.6,58.38,56.039997,347.46
2007-07-16,853.674,233.96,236.50723,3831.2,49.8,41.7,250.56
2007-07-17,719.632,176.088,234.74126,3277.8,50.88,41.64,200.09999
2007-07-18,757.082,156.514,231.08824,3437.0,54.539997,40.26,277.68
2007-07-19,677.886,187.012,234.26187,3087.2,64.08,42.18,187.8
2007-07-20,1110.422,223.118,235.56891,4970.4,126.659996,145.08,285.9
2007-07-21,1060.248,236.158,234.25662,4739.8,25.68,30.72,465.36
2007-07-22,1377.692,218.336,235.96182,6090.2,425.46,128.16,334.8
2007-07-23,991.018,143.77,234.50087,4429.4,104.82,77.28,230.81999
2007-07-24,825.284,112.81,235.36304,3673.4,0.0,96.42,335.94
2007-07-25,472.56,108.234,235.64105,2130.2,0.0,9.059999,139.98
2007-07-26,924.5,115.092,234.94373,4087.0,58.5,217.98,260.76
2007-07-27,1202.514,120.456,235.5537,5217.6,110.22,2.9399998,429.41998
2007-07-28,1621.862,178.73,235.50723,7116.0,54.42,615.89996,393.54
2007-07-29,321.116,118.576,235.71205,1488.2,0.0,0.0,77.28
2007-07-30,466.816,129.492,235.53023,2112.8,0.0,0.0,151.68
2007-07-31,812.332,145.786,234.91483,3603.6,196.62001,0.0,214.5
2007-08-01,1064.464,144.95801,234.98293,4636.8,94.98,0.0,588.72
2007-08-02,1019.416,144.954,234.8566,4445.4,28.92,0.0,412.13998
2007-08-03,1063.364,125.388,234.48561,4618.4,57.48,0.0,548.33997
2007-08-04,1144.99,139.226,235.25723,4971.4,33.120003,23.880001,477.96
2007-08-05,787.098,151.254,235.11528,3509.0,10.14,0.0,398.82
2007-08-06,1089.72,154.434,234.70273,4776.6,65.76,0.0,479.1
2007-08-07,1483.58,131.182,234.55388,6373.4,26.22,130.08,542.52
2007-08-08,1125.482,119.096,234.51237,4868.0,63.3,66.659996,579.6
2007-08-09,1071.68,109.474,234.21439,4712.2,10.92,270.9,398.76
2007-08-10,1028.01,117.656,234.4888,4506.8,20.16,159.06,497.22
2007-08-11,1091.65,115.77,234.9802,4731.4,70.8,54.6,620.33997
2007-08-12,1241.904,127.776,235.66484,5389.6,67.38,69.36,514.92
2007-08-13,1153.012,130.94,235.21658,4966.2,5.58,28.56,666.06
2007-08-14,941.19,132.01,237.07639,4110.0,57.06,41.100002,375.36
2007-08-15,1191.86,159.764,239.99341,5100.6,20.28,30.48,587.22003
2007-08-16,958.496,131.532,239.73766,4095.2,57.72,0.0,448.56
2007-08-17,1009.892,127.388,240.49405,4293.4,14.64,0.0,466.14
2007-08-18,347.96,119.24,241.27962,1553.6,0.0,0.0,109.8
2007-08-19,1422.294,160.018,239.95367,6137.2,61.5,534.72003,359.34
2007-08-20,1338.842,155.88,241.30069,5707.2,61.92,417.9,442.98
2007-08-21,642.556,157.308,240.57304,2824.0,0.0,2.28,197.76001
2007-08-22,1209.808,154.288,240.81732,5142.6,182.88,110.16,434.46002
2007-08-23,1112.312,157.954,240.64731,4795.6,150.12,15.54,320.52002
2007-08-24,1656.422,262.692,240.49538,7107.6,113.46,226.92,596.64
2007-08-25,1150.88,272.548,239.85983,5117.4,248.94,131.46,340.68
2007-08-26,1314.906,299.388,239.95091,5778.2,92.46,218.7,339.48
2007-08-27,1211.73,299.084,239.92358,5315.4,138.3,73.74,380.64
2007-08-28,997.004,181.114,239.54987,4314.4,62.28,148.08,328.98
2007-08-29,747.992,175.426,240.74498,3282.6,57.420002,33.719997,295.92
2007-08-30,1202.458,191.048,240.57318,5190.2,229.31999,154.8,253.26001
2007-08-31,1279.822,187.256,239.9857,5455.4,72.0,39.96,524.28
2007-09-01,1701.486,289.846,239.35574,7294.2,149.81999,34.14,583.98
2007-09-02,1662.468,231.598,240.04533,7224.8,216.78,97.02,528.36
2007-09-03,1038.922,188.422,239.62036,4508.2,37.26,150.9,319.38
2007-09-04,1584.944,179.626,239.65965,6848.6,175.68001,210.06,589.26
2007-09-05,1236.572,148.864,239.14816,5324.6,0.0,248.64,402.3
2007-09-06,901.474,172.026,239.34004,3963.2,0.0,233.28,207.66
2007-09-07,1336.496,181.738,239.03171,5770.4,217.92,33.059998,563.27997
2007-09-08,1469.752,186.33,239.73045,6324.4,200.34,108.06,549.84
2007-09-09,1679.502,209.152,238.92213,7277.8,131.04,266.28,553.98
2007-09-10,1117.376,177.498,239.38866,4843.8,56.100002,35.7,336.78
2007-09-11,983.572,151.764,240.07199,4251.0,56.58,33.0,347.52002
2007-09-12,1287.764,171.794,240.01506,5558.4,0.0,193.02,465.30002
2007-09-13,1146.382,165.95801,239.30983,4988.8,70.5,151.38,231.18001
2007-09-14,1135.47,183.126,239.3019,4960.4,54.06,40.559998,348.24
2007-09-15,1095.312,184.466,240.00197,4720.6,0.0,86.94,387.84
2007-09-16,1652.224,192.352,239.56046,7151.4,187.08,183.84,558.6
2007-09-17,1461.186,202.314,239.2148,6355.4,399.06,55.559998,376.74
2007-09-18,1167.52,147.132,238.26068,5058.4,113.28,121.74,325.5
2007-09-19,1298.684,151.794,240.3052,5592.0,0.0,164.58,476.22
2007-09-20,1255.532,132.908,239.715,5358.2,63.36,29.34,599.76
2007-09-21,1238.78,152.834,239.38147,5375.0,187.8,164.7,378.96
2007-09-22,1176.172,183.432,239.48303,5061.8,56.64,78.659996,461.28
2007-09-23,1417.97,242.974,239.50043,6163.2,169.86,115.74,442.92
2007-09-24,1354.53,197.624,238.6006,5873.4,55.74,236.1,477.3
2007-09-25,1764.342,130.078,238.09961,7497.2,54.96,135.18,589.2
2007-09-26,1832.47,169.322,239.41925,7775.4,67.98,564.9,341.7
2007-09-27,1392.6,150.71,239.56706,5872.0,63.96,38.579998,439.44
2007-09-28,1680.498,222.718,239.46243,7191.6,59.760002,223.32,597.12
2007-09-29,2296.522,182.122,239.1401,9782.2,245.1,447.42,491.4
2007-09-30,1516.29,163.588,240.06477,6411.6,84.3,34.92,613.5
2007-10-01,1720.922,146.734,239.23991,7306.2,90.42,397.32,357.6
2007-10-02,2198.864,161.828,238.49379,9322.6,30.48,481.32,768.9
2007-10-03,1280.454,157.738,239.26106,5472.0,58.74,301.44,221.52
2007-10-04,1518.458,138.448,239.20508,6414.6,144.0,26.64,582.6
2007-10-05,1394.092,150.636,238.8271,5889.2,0.0,21.06,565.5
2007-10-06,1756.24,186.192,238.3807,7441.4,290.4,20.82,579.96
2007-10-07,2106.114,153.178,238.82628,8939.4,149.88,495.3,653.16
2007-10-08,1095.242,121.896,239.09654,4652.8,0.0,25.199999,304.92
2007-10-09,1687.858,159.802,238.87915,7174.6,122.04,128.82,557.4
2007-10-10,1166.972,132.752,239.42116,5023.6,111.78,127.02,200.7
2007-10-11,1732.446,153.108,238.44417,7357.0,157.8,24.84,468.36
2007-10-12,1914.504,137.984,238.48131,8160.6,61.2,301.68,699.54
2007-10-13,1926.728,125.204,238.76541,8209.0,58.14,227.94,507.78
2007-10-14,2061.252,150.05,239.10104,8753.4,175.8,449.63998,427.56
2007-10-15,1266.33,118.182,239.29271,5359.6,63.66,20.34,459.24
2007-10-16,1964.442,185.414,238.86261,8385.4,0.0,472.26,592.56
2007-10-17,1576.93,136.4,239.19212,6677.2,63.9,27.18,538.08
2007-10-18,1518.53,122.5,239.80028,6384.6,69.72,19.019999,591.84
2007-10-19,2085.648,121.478,239.65218,8788.6,77.94,187.44,698.88
2007-10-20,1660.246,139.544,241.82483,6933.2,141.78,17.76,793.5
2007-10-21,1941.94,154.028,241.49074,8210.4,222.72,261.42,438.78
2007-10-22,1652.896,116.41,240.5454,6920.4,0.0,17.939999,781.62
2007-10-23,1956.698,127.928,241.23027,8222.8,64.02,311.16,640.8
2007-10-24,1865.636,146.782,240.80827,7881.4,267.54,21.84,546.9
2007-10-25,1853.918,132.2,240.47264,7795.6,88.68,145.98,443.1
2007-10-26,1437.568,109.676,240.68086,6286.8,0.0,20.88,345.96
2007-10-27,1785.688,109.186,240.20122,7645.2,82.44,291.36,536.94
2007-10-28,512.158,92.298,240.86606,2138.8,0.0,16.98,105.9
2007-10-29,545.428,86.998,241.19331,2267.2,0.0,16.14,164.94
2007-10-30,811.008,89.84,240.62593,3386.0,0.0,116.1,255.36
2007-10-31,1283.21,107.2,240.33897,5389.0,0.0,282.0,534.9
2007-11-01,496.216,85.046,240.93842,2067.8,0.0,17.58,119.46
2007-11-02,1443.602,93.362,239.34898,6051.8,80.76,126.9,734.7
2007-11-03,492.55,88.124,240.19052,2065.4,0.0,16.92,116.16
2007-11-04,1485.686,138.802,240.2055,6313.0,0.0,263.22,424.08
2007-11-05,1500.592,131.35,239.65912,6330.6,75.9,23.82,394.98
2007-11-06,2082.378,200.526,238.70195,8855.8,66.3,330.9,641.4
2007-11-07,1844.758,193.52,239.56491,7892.8,302.52,18.06,382.44
2007-11-08,1501.06,134.698,240.75266,6386.4,102.9,18.84,390.0
2007-11-09,2171.226,113.242,238.71542,9168.8,0.0,274.38,922.5
2007-11-10,2611.6,237.65201,239.11041,11098.0,221.82,18.24,826.02
2007-11-11,1887.124,185.61,240.26027,7978.4,206.7,19.199999,361.44
2007-11-12,2156.146,137.468,239.82559,9031.6,61.08,249.90001,796.86
2007-11-13,2214.398,140.952,241.12299,9293.0,58.68,295.98,664.56
2007-11-14,2047.994,141.59,239.94603,8554.6,63.3,17.699999,980.7
2007-11-15,1491.988,133.066,239.98499,6330.8,96.36,34.26,450.18
2007-11-16,2309.754,123.978,240.9835,9674.0,119.46,279.6,813.84
2007-11-17,2610.094,168.03,240.60342,10942.4,155.28,131.94,899.4
2007-11-18,2183.858,161.762,242.26047,9140.6,312.06,125.82,423.96002
2007-11-19,1723.654,112.03,242.76636,7209.0,65.340004,15.179999,645.0
2007-11-20,2095.856,124.832,241.33882,8770.2,60.899998,237.24,661.56
2007-11-21,1754.716,131.718,241.49557,7372.4,68.34,33.0,567.3
2007-11-22,1932.378,143.108,241.56503,8145.0,172.02,17.82,540.06
2007-11-23,2522.618,138.912,240.72238,10570.6,130.08,370.86002,821.10004
2007-11-24,1899.054,150.512,241.80273,7938.2,94.38,247.86,807.06
2007-11-25,1395.598,122.776,242.66115,5884.8,213.36,16.74,340.68002
2007-11-26,1569.716,117.05,241.11649,6626.0,65.28,17.279999,535.56
2007-11-27,2801.012,139.994,241.32109,11745.0,63.780003,661.2,906.66003
2007-11-28,1644.94,115.442,242.8948,6876.8,70.92,46.14,468.6
2007-11-29,1719.514,118.71,242.73264,7222.8,121.86,16.98,529.08
2007-11-30,2331.728,147.28,243.48776,9730.4,0.0,476.46,816.06
2007-12-01,3134.942,288.892,240.26608,13235.8,561.36,21.18,1070.8201
2007-12-02,2946.188,325.082,240.73001,12410.8,125.4,414.9,638.16003
2007-12-03,1762.06,131.914,241.0796,7438.4,68.46,17.939999,625.68
2007-12-04,2067.636,145.016,241.53598,8705.0,60.72,349.68,513.66003
2007-12-05,2153.12,178.398,241.22789,9141.4,205.31999,17.699999,655.14
2007-12-06,2487.934,161.936,239.7101,10566.6,285.06,19.08,714.48
2007-12-07,1769.016,147.64,240.67105,7427.4,27.539999,222.6,615.78
2007-12-08,2213.404,154.34,239.55994,9371.6,67.98,141.23999,736.98
2007-12-09,2274.584,200.936,239.91508,9650.2,250.56,145.68,523.68
2007-12-10,1758.754,125.012,241.90384,7451.4,66.12,16.68,496.86002
2007-12-11,2305.104,133.698,241.46024,9665.6,63.0,229.02,764.4
2007-12-12,1588.062,116.886,242.47632,6611.2,69.12,15.24,465.54
2007-12-13,1847.746,111.49,241.82735,7804.2,66.18,86.88,534.66003
2007-12-14,1974.808,179.55,241.98592,8291.2,58.8,230.94,776.46
2007-12-15,2736.876,157.626,241.28064,11491.2,102.36,221.22,858.78
2007-12-16,2762.218,126.938,242.68498,11508.8,204.6,136.86,775.74
2007-12-17,1797.674,105.226,242.6264,7470.2,98.159996,14.58,634.02
2007-12-18,2623.194,144.08,242.94,10947.0,67.38,348.6,665.58
2007-12-19,2196.052,109.336,242.70111,9121.6,73.98,159.48,700.74
2007-12-20,1949.758,119.434,243.16795,8083.2,111.54,16.56,815.52
2007-12-21,1982.576,106.47,242.88164,8227.8,71.46,12.0,735.06
2007-12-22,2611.264,141.314,242.14552,10934.6,229.14,273.0,760.38
2007-12-23,2409.048,176.272,242.55794,10055.2,118.26,185.46,717.72003
2007-12-24,2257.848,149.754,242.65044,9431.6,179.09999,138.96,861.0
2007-12-25,2694.968,151.812,242.98087,11219.0,275.28,202.08,545.04004
2007-12-26,2580.28,140.314,242.39241,10693.6,66.54,166.38,568.8
2007-12-27,2532.198,190.582,242.1116,10650.0,247.32,89.4,477.6
2007-12-28,3113.052,206.8,242.28448,13004.0,118.799995,513.24,949.38
2007-12-29,3298.956,199.892,240.55067,13766.4,290.16,146.04,894.36005
2007-12-30,2558.916,178.436,242.09918,10750.6,215.7,215.82,809.10004
2007-12-31,2216.542,145.536,241.09479,9295.2,0.0,207.42,844.26
2008-01-01,2759.738,142.508,241.03668,11489.2,147.66,164.34,741.3
2008-01-02,1644.106,111.666,242.41745,6869.4,0.0,185.64,539.22003
2008-01-03,1510.108,121.182,243.07745,6338.4,67.8,50.76,400.26
2008-01-04,2291.852,136.706,241.27338,9669.8,74.46,319.56,705.12
2008-01-05,2183.248,129.464,238.82294,9283.4,126.78,17.16,875.46
2008-01-06,1825.184,116.958,239.40729,7761.8,117.96,146.7,469.44
2008-01-07,1695.814,116.172,240.74394,7078.0,77.28,16.92,617.64
2008-01-08,2043.55,127.452,240.82181,8625.6,131.82,210.66,587.58
2008-01-09,1788.44,125.336,241.25864,7534.0,69.72,17.039999,537.78
2008-01-10,1894.076,120.504,240.80714,8056.2,78.42,17.1,599.52
2008-01-11,1705.818,95.484,240.41005,7147.4,75.659996,17.4,479.82
2008-01-12,2871.408,162.724,239.96017,12274.4,335.63998,157.26,666.96
2008-01-13,2885.378,144.346,239.74573,12174.6,390.36,20.4,562.68
2008-01-14,2024.932,120.11,240.299,8661.0,355.08,20.34,584.28
2008-01-15,2686.912,113.144,240.70949,11363.4,46.920002,412.98,870.72003
2008-01-16,2135.852,128.93001,240.42213,9100.2,69.72,205.8,563.46
2008-01-17,1572.282,116.718,241.62799,6688.8,60.420002,21.0,519.42
2008-01-18,2186.988,119.29,239.93292,9262.4,62.04,50.76,898.98
2008-01-19,1980.306,134.982,239.60593,8393.6,151.26,363.24,480.9
2008-01-20,1740.368,138.614,239.94453,7414.4,106.5,22.8,296.4
2008-01-21,1858.998,122.4,239.56476,7947.4,0.0,22.56,626.82
2008-01-22,2325.018,143.462,240.09477,9977.4,280.2,458.4,453.12
2008-01-23,1882.308,107.984,240.90706,7949.2,66.96,23.22,801.54004
2008-01-24,1645.022,104.306,240.77924,7038.6,66.42,19.199999,356.1
2008-01-25,2239.856,119.626,240.70544,9423.4,0.0,145.26,684.54004
2008-01-26,2834.988,168.422,239.7602,12048.0,295.5,18.66,936.36
2008-01-27,2381.766,140.758,241.30367,10058.2,223.5,229.08,442.02002
2008-01-28,2308.196,107.836,240.46678,9748.2,68.52,16.8,767.52
2008-01-29,2676.024,117.176,240.62311,11292.8,89.22,371.94,664.62
2008-01-30,1640.646,116.47,241.61465,6950.0,0.0,15.66,435.66
2008-01-31,1953.922,137.576,241.88574,8342.4,69.9,16.02,566.22003
2008-02-01,1534.652,179.25,240.36026,6505.4,20.16,16.8,434.46002
2008-02-02,2937.614,231.052,240.29184,12453.0,374.82,165.95999,912.36
2008-02-03,2084.568,153.70801,240.34071,8835.4,139.14,266.1,507.12
2008-02-04,1628.138,104.034,240.2552,6879.2,69.66,15.12,571.86
2008-02-05,2472.456,152.786,240.97691,10383.2,65.88,468.18,823.02
2008-02-06,1669.54,114.26,238.41371,7104.4,126.840004,21.359999,505.68
2008-02-07,1518.31,108.706,241.07056,6392.6,0.0,17.699999,485.34
2008-02-08,1950.564,119.094,240.43312,8276.0,56.4,115.26,573.78
2008-02-09,2102.2761,144.528,241.7645,8769.6,123.0,170.28,617.58
2008-02-10,2184.714,151.73601,241.27519,9211.4,153.72,177.3,607.68
2008-02-11,1692.016,102.246,241.69218,7101.8,61.079998,17.82,535.8
2008-02-12,1987.798,130.946,239.50916,8419.8,120.54,111.36,728.28
2008-02-13,1900.498,128.478,241.20311,8035.4,151.8,216.9,454.08002
2008-02-14,1604.622,113.646,240.76482,6744.6,78.0,17.46,557.94
2008-02-15,2005.208,107.952,241.89061,8325.0,66.54,103.38,805.02
2008-02-16,2346.948,138.994,241.08757,9927.2,64.56,141.6,695.94
2008-02-17,1933.368,120.076004,242.46983,8142.4,190.92,135.42,362.94
2008-02-18,1514.404,101.972,242.06393,6301.8,0.0,15.059999,620.7
2008-02-19,2126.916,137.568,241.01013,8956.4,112.86,282.66,672.0
2008-02-20,2253.79,190.268,241.66968,9516.0,219.3,330.96,462.24002
2008-02-21,1633.85,112.274,240.7504,6895.4,0.0,18.42,511.38
2008-02-22,1732.564,121.688,241.43576,7279.6,70.02,119.1,606.06
2008-02-23,1836.86,132.608,239.67131,7793.8,101.04,135.0,604.5
2008-02-24,1263.008,107.332,240.37779,5240.0,45.24,19.92,686.82
2008-02-25,504.488,91.72,239.776,2096.0,0.0,19.26,111.36
2008-02-26,507.12,84.590004,239.53334,2101.0,0.0,17.699999,120.78001
2008-02-27,566.72,86.168,239.55402,2353.2,0.0,19.56,178.14
2008-02-28,509.184,83.248,239.80428,2112.4,0.0,16.859999,121.68
2008-02-29,1333.348,88.948,238.0385,5576.6,0.0,226.38,483.72
2008-03-01,1141.876,105.158,239.4315,4719.8,0.0,77.22,163.44
2008-03-02,1162.226,144.71,239.74625,4932.0,0.0,314.64,153.9
2008-03-03,1040.55,114.334,240.35199,4287.6,0.0,132.42,105.3
2008-03-04,1668.99,108.958,241.02641,7009.4,74.94,146.58,564.9
2008-03-05,2037.208,140.898,241.06523,8598.0,68.700005,587.82,331.74
2008-03-06,2503.208,106.184,240.42923,10389.0,64.92,22.32,417.9
2008-03-07,1862.956,129.392,240.81606,7836.0,74.1,208.26001,541.98
2008-03-08,2248.66,237.08,241.59096,9487.2,377.16,20.76,506.1
2008-03-09,1560.458,135.574,240.74637,6611.2,156.42,19.98,249.3
2008-03-10,1618.686,127.124,241.72734,6786.0,120.54,22.08,519.60004
2008-03-11,2200.042,151.1,240.42415,9312.4,76.26,234.06,776.16003
2008-03-12,1774.232,138.194,241.0572,7448.0,67.2,142.44,662.52
2008-03-13,1675.514,128.474,240.80263,7116.0,195.78,215.4,327.84
2008-03-14,2210.22,159.748,240.62737,9282.6,58.8,232.86,868.56
2008-03-15,1576.3,154.412,240.198,6697.0,153.0,30.119999,354.6
2008-03-16,1801.96,173.652,241.29466,7629.6,143.64,33.96,677.16003
2008-03-17,1706.918,175.274,240.80524,7210.0,14.16,399.06,560.76
2008-03-18,1917.566,147.44,241.92899,8023.6,69.36,241.14,752.64
2008-03-19,1308.448,142.498,242.4022,5508.8,126.6,24.66,369.24002
2008-03-20,1253.274,120.854004,241.76259,5269.8,66.42,28.68,400.2
2008-03-21,2066.442,223.824,241.3699,8695.0,130.26,286.68,796.5
2008-03-22,2053.516,185.68001,241.61215,8669.2,199.32,35.28,744.3
2008-03-23,2325.99,152.446,242.65262,9778.4,376.74,126.72,832.68
2008-03-24,1978.452,131.166,242.7028,8301.6,70.14,359.28,421.5
2008-03-25,2015.856,127.832,242.13821,8453.6,134.76,220.62,809.64
2008-03-26,1633.472,133.598,242.80981,6858.8,152.81999,229.86,452.82
2008-03-27,1370.822,116.44,242.09555,5703.6,0.0,21.359999,541.32
2008-03-28,1885.424,137.64,242.32335,7889.8,139.5,216.3,694.86
2008-03-29,2471.15,175.068,241.25356,10381.4,309.18,22.5,1034.4
2008-03-30,2146.392,175.97,241.16376,9039.6,302.7,78.9,586.14
2008-03-31,1377.57,130.86,242.72704,5768.6,65.46,24.66,563.22003
2008-04-01,2129.052,170.396,241.6158,8931.6,64.74,399.42,870.9
2008-04-02,1691.672,142.54,238.66716,7211.0,66.36,220.44,479.34
2008-04-03,1128.756,121.236,240.69424,4724.4,0.0,25.32,414.06
2008-04-04,1631.918,125.306,241.33105,6806.0,127.979996,46.5,794.76
2008-04-05,1970.762,203.684,240.55803,8330.2,175.73999,52.44,818.64
2008-04-06,1696.318,150.572,241.14961,7122.8,67.44,156.9,453.12
2008-04-07,1538.838,141.28,243.22832,6457.2,145.2,40.32,567.96
2008-04-08,2657.516,184.176,242.06657,11087.2,165.12,642.78,1051.14
2008-04-09,1218.852,132.864,242.3177,5073.0,0.0,22.56,540.18
2008-04-10,1477.746,163.68001,241.94905,6199.8,195.66,27.42,391.62
2008-04-11,1877.6641,143.89,240.75838,7851.8,108.119995,29.46,871.32
2008-04-12,2800.014,392.272,241.06317,11834.2,424.56,149.94,913.5
2008-04-13,2232.986,213.514,240.42332,9434.6,153.24,356.52,780.42
2008-04-14,1589.582,154.95801,242.31406,6630.2,0.0,25.5,671.82
2008-04-15,1670.406,178.782,241.23874,7069.8,70.44,239.88,592.44
2008-04-16,1489.064,125.904,241.74438,6215.2,50.28,24.18,679.32
2008-04-17,1395.862,145.878,241.4036,5910.2,103.14,25.019999,518.28
2008-04-18,1862.39,184.646,240.64159,7859.0,130.44,229.92,655.26
2008-04-19,2253.71,245.284,241.14319,9556.0,259.13998,147.42,883.32
2008-04-20,1791.418,227.854,241.43288,7575.2,61.8,272.64,624.06
2008-04-21,1164.156,175.4,241.9925,4902.0,0.0,160.38,407.28
2008-04-22,1627.676,193.15,240.95972,6872.4,58.26,305.58,636.18
2008-04-23,1357.328,189.502,241.51135,5713.2,82.8,29.519999,504.36002
2008-04-24,1043.772,171.924,240.60532,4403.6,75.78,31.32,317.76
2008-04-25,1267.734,162.224,241.00716,5328.0,49.44,120.24,564.0
2008-04-26,903.166,168.696,240.79256,3793.0,0.0,38.04,215.16
2008-04-27,1008.24,198.118,240.90729,4267.8,41.579998,35.28,329.28
2008-04-28,659.052,167.118,240.97845,2809.0,0.0,37.26,167.16
2008-04-29,1972.616,215.356,240.7069,8309.8,84.12,324.66,628.86
2008-04-30,1101.726,171.556,241.43364,4634.8,63.42,35.399998,399.18
2008-05-01,576.014,150.696,241.44627,2451.4,0.0,31.8,155.16
2008-05-02,1497.768,205.568,241.64894,6304.0,186.84,35.04,521.22003
2008-05-03,1289.6,202.004,240.83368,5473.4,59.760002,32.46,392.1
2008-05-04,1470.97,209.422,241.38046,6282.0,131.76,172.31999,327.84
2008-05-05,1366.932,185.75,240.73685,5756.8,60.48,22.68,611.82
2008-05-06,1789.98,199.596,240.29031,7554.2,81.24,324.6,732.0
2008-05-07,1176.264,190.956,241.08127,4978.8,61.8,25.38,398.94
2008-05-08,2116.698,253.244,239.8513,8897.0,220.02,42.12,763.02
2008-05-09,1747.272,229.87401,240.47122,7396.0,133.74,25.38,714.24
2008-05-10,1909.128,289.814,240.08621,8116.4,417.0,36.719997,702.84
2008-05-11,1610.92,275.702,240.4856,6918.0,33.78,80.4,415.80002
2008-05-12,1524.204,229.14,241.04163,6508.0,124.92,65.1,717.54004
2008-05-13,1476.894,236.468,240.37407,6324.2,49.38,245.34,502.2
2008-05-14,1584.262,277.374,240.70851,6787.2,148.02,206.16,582.96
2008-05-15,1162.768,237.724,240.35039,5071.8,52.08,34.2,409.2
2008-05-16,1648.966,235.532,239.6257,7082.6,133.68001,153.96,537.36
2008-05-17,1657.454,275.896,239.47285,7130.2,129.48,56.1,748.32
2008-05-18,1803.958,254.492,239.68268,7789.6,106.5,321.3,517.56
2008-05-19,1030.262,175.736,240.43188,4420.0,60.84,33.48,450.18002
2008-05-20,1581.334,184.082,241.01959,6742.4,81.12,145.86,718.62
2008-05-21,1324.112,190.326,240.7605,5640.0,119.34,28.439999,555.06
2008-05-22,976.868,169.816,239.5002,4256.6,59.76,26.4,388.5
2008-05-23,1484.916,178.958,239.49886,6276.4,0.0,83.4,884.04004
2008-05-24,1580.176,285.55,240.72491,6723.4,61.62,34.14,769.98004
2008-05-25,2048.504,290.416,239.94563,8836.6,258.42,528.66003,360.96
2008-05-26,1289.71,220.698,240.3637,5658.8,59.1,39.96,557.04004
2008-05-27,1708.7,207.466,239.39087,7354.6,0.0,321.12,688.68
2008-05-28,1114.372,235.644,241.3227,4824.8,188.28,30.72,402.54
2008-05-29,1135.076,186.832,237.67516,5005.0,60.24,30.42,522.18
2008-05-30,1397.244,182.218,240.5537,6052.2,0.0,181.14,677.88
2008-05-31,1641.47,249.924,240.6542,7089.2,105.84,139.68,711.48004
2008-06-01,1848.876,225.34,240.62318,7809.4,114.36,32.7,678.42004
2008-06-02,1074.012,165.158,236.36987,4634.0,57.6,33.48,380.46
2008-06-03,1597.816,173.938,234.1522,6975.6,173.82,156.48,555.9
2008-06-04,1588.912,152.404,234.70647,6952.0,93.0,460.92,390.48
2008-06-05,1120.078,153.106,235.16382,4892.6,104.82,30.359999,526.86
2008-06-06,1217.714,174.52,239.71693,5287.8,60.54,30.359999,472.26
2008-06-07,1882.484,186.414,238.98444,7966.0,142.74,156.66,875.58
2008-06-08,1542.322,188.384,239.96494,6618.4,152.16,189.66,583.92
2008-06-09,1325.698,183.64,239.43468,5817.2,118.020004,125.1,475.26
2008-06-10,1067.09,216.018,239.97804,4615.0,54.42,35.1,539.52
2008-06-11,1123.206,214.372,240.15446,4879.4,58.62,50.52,453.96002
2008-06-12,1259.332,189.292,239.69002,5471.0,117.06,34.02,434.76
2008-06-13,1875.63,281.926,238.88759,8072.6,168.54,441.48,632.94
2008-06-14,1384.92,344.28,240.0145,6059.2,111.72,60.66,640.86
2008-06-15,2289.102,281.006,239.45374,9754.0,388.26,408.12,695.34
2008-06-16,1303.044,204.382,240.43346,5622.8,118.799995,27.84,600.72003
2008-06-17,1145.084,175.464,240.35443,4945.8,64.799995,25.92,605.64
2008-06-18,1893.608,272.724,239.73987,8224.4,452.94,182.4,761.22003
2008-06-19,1588.082,189.418,239.27267,6822.6,204.66,90.84,654.66003
2008-06-20,1676.104,227.42,239.9392,7211.8,176.88,176.1,745.02
2008-06-21,1734.254,239.028,239.46341,7393.2,56.399998,349.38,769.68
2008-06-22,1566.416,294.144,239.04411,6730.6,282.3,70.5,639.12
2008-06-23,1251.796,210.956,238.93765,5460.4,156.0,34.86,607.44
2008-06-24,1754.452,253.022,237.91539,7577.6,166.74,209.34,856.26
2008-06-25,1261.77,290.626,238.8949,5631.8,166.38,34.14,564.12
2008-06-26,1056.02,217.414,239.35141,4624.0,55.260002,34.32,538.26
2008-06-27,1755.152,262.008,238.93498,7540.8,249.54,142.32,609.78
2008-06-28,1208.8,210.954,239.14238,5307.8,0.0,120.0,475.92
2008-06-29,749.352,183.664,240.16066,3356.8,57.3,32.1,233.76001
2008-06-30,804.196,189.526,240.37613,3570.0,0.0,31.259998,409.14
2008-07-01,1215.24,277.788,239.5403,5385.6,207.9,35.219997,503.40002
2008-07-02,1147.202,266.538,238.96198,5140.2,57.72,39.0,420.12
2008-07-03,1098.36,213.748,239.6355,4814.2,57.48,154.14,444.6
2008-07-04,942.02,188.132,240.17964,4072.8,0.0,35.34,498.12
2008-07-05,1469.088,224.78,239.56477,6316.6,112.5,405.24,501.90002
2008-07-06,1805.064,253.582,240.59024,7717.6,255.48,313.8,452.16
2008-07-07,983.39,202.81,239.63373,4274.8,130.26,35.52,428.94
2008-07-08,1126.214,196.318,239.70062,4854.8,59.46,30.179998,455.52002
2008-07-09,919.318,191.724,240.32957,3996.4,57.06,29.939999,441.12
2008-07-10,1251.276,240.242,239.86775,5390.6,58.92,33.12,491.16
2008-07-11,1254.216,251.036,239.5169,5446.4,43.44,33.48,555.06
2008-07-12,1328.852,266.124,240.0593,5832.6,266.16,157.02,433.86002
2008-07-13,1256.616,167.358,240.294,5432.0,100.26,189.84,425.58002
2008-07-14,1137.926,209.668,240.49419,4941.6,153.84,119.7,386.16
2008-07-15,1155.86,190.936,239.78145,4947.4,58.079998,33.12,515.10004
2008-07-16,1077.062,206.462,240.59338,4661.0,92.22,167.94,298.68
2008-07-17,1319.122,239.506,239.91704,5798.4,67.32,43.379997,496.80002
2008-07-18,1261.584,195.606,239.5772,5381.2,68.58,33.12,555.60004
2008-07-19,1344.014,208.03,239.15112,5788.4,176.46,188.76,460.56
2008-07-20,941.534,172.576,239.7777,4084.4,116.58,64.56,327.42
2008-07-21,1156.478,172.45,239.1017,5014.2,101.88,25.859999,551.34
2008-07-22,740.242,161.128,239.67032,3272.6,0.0,25.8,293.16
2008-07-23,942.63,162.392,240.09612,4103.2,73.98,27.24,379.5
2008-07-24,1093.45,185.882,239.88377,4639.0,50.22,28.56,500.64
2008-07-25,865.534,182.714,239.0572,3770.4,70.08,29.519999,403.86002
2008-07-26,815.684,213.318,240.02869,3592.0,0.0,56.879997,374.58002
2008-07-27,1147.396,233.138,238.47116,5058.0,63.78,51.48,503.1
2008-07-28,825.804,198.514,239.99368,3707.0,0.0,30.539999,357.78
2008-07-29,1166.558,208.384,240.24887,5242.8,94.26,31.8,348.12
2008-07-30,1299.908,227.536,239.08559,5853.8,152.88,46.379997,376.68
2008-07-31,1392.6381,243.476,240.09569,6093.8,91.979996,168.48,455.28
2008-08-01,739.576,252.704,239.80545,3352.2,35.16,69.0,305.46
2008-08-02,505.776,178.294,239.12874,2286.6,0.0,30.24,228.18001
2008-08-03,504.782,166.052,237.05443,2270.4,0.0,29.939999,235.56
2008-08-04,1126.13,193.714,237.86363,4918.4,35.76,280.62,264.66
2008-08-05,827.118,180.248,238.73647,3608.6,38.1,30.539999,427.08002
2008-08-06,326.112,214.504,240.56583,1570.2,0.0,30.779999,132.9
2008-08-07,334.884,214.94,239.31233,1613.8,0.0,31.56,141.42
2008-08-08,302.2,196.448,239.45653,1448.0,0.0,28.859999,118.8
2008-08-09,358.924,199.99,240.71046,1670.8,0.0,29.339998,114.12
2008-08-10,352.032,189.106,240.2649,1616.4,0.0,27.84,114.3
2008-08-11,371.91602,187.62,240.71832,1685.8,0.0,29.34,112.8
2008-08-12,288.984,187.042,240.04828,1373.0,0.0,27.72,110.64
2008-08-13,282.584,183.836,240.8715,1341.4,0.0,27.06,107.340004
2008-08-14,270.258,177.966,241.14088,1274.4,0.0,26.46,98.46
2008-08-15,273.654,178.178,241.15816,1290.2,0.0,26.34,101.46
2008-08-16,274.814,181.678,242.09535,1295.2,0.0,26.519999,101.28
2008-08-17,274.796,179.516,241.18344,1292.8,0.0,26.699999,102.6
2008-08-18,273.758,178.098,241.35583,1287.8,0.0,26.4,103.14
2008-08-19,274.692,180.622,240.89473,1300.8,0.0,26.519999,101.82
2008-08-20,268.47202,178.064,241.5437,1272.0,0.0,26.22,97.56
2008-08-21,261.298,168.972,240.29565,1223.6,0.0,25.92,94.62
2008-08-22,267.124,174.654,240.88225,1255.8,0.0,26.279999,96.840004
2008-08-23,254.642,169.422,242.14267,1196.4,0.0,25.14,89.1
2008-08-24,254.716,163.91,241.61342,1190.0,0.0,24.24,91.38
2008-08-25,250.298,163.87,241.47398,1164.0,0.0,25.32,86.16
2008-08-26,257.564,166.566,241.11955,1205.6,0.0,25.199999,91.98
2008-08-27,258.114,165.872,240.57648,1199.8,0.0,23.939999,92.34
2008-08-28,268.246,174.098,240.54265,1260.0,0.0,25.92,97.86
2008-08-29,267.588,171.186,240.33546,1260.0,0.0,25.8,95.94
2008-08-30,270.424,177.552,240.51399,1276.2,0.0,26.099998,97.14
2008-08-31,1500.864,210.672,240.0179,6405.4,123.36,223.98,727.08
2008-09-01,1247.51,184.48601,239.91591,5374.8,57.0,31.259998,610.98004
2008-09-02,1384.154,224.634,239.32896,5963.8,256.38,72.36,398.88
2008-09-03,1388.486,179.288,240.02945,5930.8,79.56,114.12,612.78
2008-09-04,1225.22,151.872,238.6635,5262.8,133.5,24.24,564.48004
2008-09-05,873.96,147.23601,239.59058,3752.0,22.74,25.859999,416.58002
2008-09-06,1868.574,238.292,239.33978,7955.2,176.88,390.0,804.0
2008-09-07,1372.656,176.444,240.5887,5876.4,216.72,102.42,358.56
2008-09-08,1309.324,160.574,241.38184,5548.8,44.82,137.58,573.54004
2008-09-09,1159.654,180.67,239.78166,4988.8,14.16,27.179998,463.68002
2008-09-10,1300.764,166.43001,239.48058,5554.8,60.54,23.939999,616.86
2008-09-11,1028.714,192.038,239.09981,4435.6,60.3,25.019999,458.64
2008-09-12,1392.762,178.298,239.96832,5968.2,112.020004,24.119999,524.28
2008-09-13,1631.436,186.192,240.12454,6941.0,55.8,325.98,708.42004
2008-09-14,1576.326,193.746,239.88898,6818.4,280.38,26.699999,392.28
2008-09-15,1697.708,136.118,240.2559,7303.4,57.6,21.84,619.32
2008-09-16,1221.862,156.06,240.94875,5211.8,0.0,22.08,494.94
2008-09-17,1519.21,177.168,240.65668,6465.2,114.6,223.62,562.26
2008-09-18,1505.29,189.376,240.32715,6404.2,252.12,21.42,479.46002
2008-09-19,1518.846,166.768,240.35712,6449.4,94.14,21.06,742.02
2008-09-20,1304.6,156.204,240.59412,5480.0,0.0,22.199999,748.62
2008-09-21,1533.07,206.262,240.94017,6566.8,240.6,142.86,500.82
2008-09-22,1358.564,151.524,240.20915,5778.2,60.84,146.88,613.62
2008-09-23,1232.788,165.128,240.18335,5305.2,0.0,130.08,475.2
2008-09-24,1718.35,173.472,240.12578,7245.6,121.14,283.8,632.88
2008-09-25,1131.22,173.77,240.29031,4815.0,60.72,45.059998,509.1
2008-09-26,1431.45,211.572,240.39362,6105.0,73.26,22.199999,653.4
2008-09-27,2127.446,257.04,240.14648,9012.4,260.82,155.04,761.28
2008-09-28,1731.104,163.968,240.27841,7314.6,115.2,23.099998,674.52
2008-09-29,1501.738,199.432,240.26402,6349.6,60.84,21.779999,640.62
2008-09-30,1375.006,155.092,240.58377,5795.6,59.88,21.599998,444.9
2008-10-01,1872.364,181.256,241.1286,7894.2,134.94,348.0,648.48004
2008-10-02,1345.342,153.676,240.32823,5686.0,0.0,22.019999,543.60004
2008-10-03,1612.58,158.598,239.84201,6833.8,288.06,20.939999,565.92
2008-10-04,2100.496,216.2,240.1744,8848.6,207.72,37.739998,754.38
2008-10-05,1549.95,146.296,240.13754,6529.2,59.4,195.42,364.26
2008-10-06,1423.782,125.204,239.11908,6071.6,59.4,17.16,573.72003
2008-10-07,1726.568,187.234,238.85286,7439.2,60.96,25.14,568.56
2008-10-08,1860.576,152.41,240.04903,7821.0,62.64,307.56,699.0
2008-10-09,1983.682,181.9,239.27544,8369.8,61.920002,183.84,699.12
2008-10-10,1518.338,148.044,239.63486,6389.0,0.0,23.34,722.76
2008-10-11,1669.386,154.848,239.18262,7064.6,128.64,140.1,682.38
2008-10-12,1907.94,161.806,240.15154,8085.8,153.66,349.32,430.26
2008-10-13,1461.976,147.894,240.80942,6126.2,62.22,32.1,568.98
2008-10-14,1609.056,164.286,239.21573,6811.4,70.62,26.519999,596.34
2008-10-15,2156.896,168.462,239.50679,9112.6,119.88,422.52,599.04004
2008-10-16,1583.68,136.84,239.26285,6712.2,57.059998,25.74,506.28
2008-10-17,1866.886,153.522,240.04764,7885.2,122.16,191.22,578.34
2008-10-18,2239.19,162.628,239.83543,9427.8,47.940002,99.3,728.76
2008-10-19,1971.934,181.596,240.04256,8359.6,41.88,480.6,276.0
2008-10-20,1667.554,137.812,240.43248,6998.8,50.64,158.88,628.5
2008-10-21,2063.716,152.344,239.73068,8756.4,51.420002,159.78,679.86
2008-10-22,1646.01,149.344,240.81575,6965.2,39.719997,152.52,509.22
2008-10-23,1830.494,161.20801,240.39905,7739.4,48.899998,86.1,635.22003
2008-10-24,2133.226,168.014,240.4137,9024.4,473.58,136.62,617.04004
2008-10-25,1581.198,115.682,240.89827,6605.4,44.219997,24.48,852.72003
2008-10-26,523.492,115.53,242.12346,2158.8,0.0,21.6,120.78001
2008-10-27,523.892,128.978,242.22806,2173.2,0.0,24.119999,118.020004
2008-10-28,1327.29,145.076,241.3268,5548.6,135.78,21.72,305.4
2008-10-29,1612.576,133.282,241.78961,6630.2,62.22,20.699999,240.90001
2008-10-30,1098.6,123.028,242.08328,4713.6,0.0,20.699999,157.14
2008-10-31,1285.832,104.348,241.32977,5423.6,0.0,18.72,628.98004
2008-11-01,830.498,113.672,241.81024,3781.0,0.0,20.64,116.340004
2008-11-02,910.614,120.472,242.15575,4124.2,0.0,20.76,169.44
2008-11-03,847.6,115.248,241.76512,3837.6,57.78,20.82,113.520004
2008-11-04,1562.316,121.476,240.80246,6699.4,0.0,372.84,246.36
2008-11-05,3134.93,257.82,239.48077,13304.4,455.82,624.54,501.72
2008-11-06,1588.438,181.468,240.39021,6806.4,61.98,25.8,404.04
2008-11-07,1619.184,109.988,239.75179,6846.6,61.920002,23.34,625.26
2008-11-08,1733.138,133.168,239.30803,7350.8,66.84,196.26,364.14
2008-11-09,2578.538,210.946,238.45409,10974.2,378.06,39.66,860.88
2008-11-10,2122.138,155.622,239.61258,8990.0,73.38,21.3,622.98
2008-11-11,2455.95,128.08,239.8787,10344.0,148.5,137.28,879.06
2008-11-12,2189.664,158.968,240.39105,9142.4,63.96,162.78,568.02
2008-11-13,1238.46,125.424,241.59792,5223.2,0.0,20.279999,378.90002
2008-11-14,1621.738,127.894,241.0218,6848.0,125.52,19.5,595.74
2008-11-15,3031.628,165.16,238.63411,12907.0,237.12,227.94,938.1
2008-11-16,2365.432,163.13,240.49414,9963.4,287.46,109.74,536.7
2008-11-17,1523.636,118.874,241.13493,6353.4,0.0,22.68,635.4
2008-11-18,1749.05,139.282,239.90204,7404.2,64.74,22.14,672.24
2008-11-19,1840.238,166.452,240.53963,7794.6,104.22,181.56,522.24
2008-11-20,1692.336,121.192,239.81812,7177.6,62.04,20.82,463.92
2008-11-21,1673.93,127.554,239.92834,7123.0,62.34,20.88,623.76
2008-11-22,1711.368,124.868004,239.73181,7271.4,65.58,52.920002,499.2
2008-11-23,3406.736,207.002,239.15091,14469.4,217.86,529.44,617.4
2008-11-24,3212.998,121.618004,240.35948,13371.0,63.78,30.599998,802.68
2008-11-25,2702.85,150.564,240.9306,11266.4,180.59999,20.699999,628.26
2008-11-26,1515.954,119.996,242.4009,6273.2,54.54,18.24,600.12
2008-11-27,2362.218,126.218,241.44002,9851.2,149.45999,19.8,746.4
2008-11-28,1885.964,128.426,243.06651,7789.8,66.78,17.699999,681.66003
2008-11-29,2434.668,166.51,241.24075,10157.2,316.08,143.52,743.16003
2008-11-30,2401.388,170.904,242.37457,10016.0,69.66,208.86,688.44
2008-12-01,1616.538,118.678,243.44583,6852.2,65.1,18.539999,540.78
2008-12-02,1793.444,145.908,243.37936,7509.8,0.0,18.24,680.58
2008-12-03,1755.164,124.722,243.38373,7300.2,68.22,18.119999,579.84
2008-12-04,1738.638,113.99,243.46313,7234.2,65.1,16.859999,678.84
2008-12-05,2058.618,120.026,242.9759,8593.4,49.86,18.6,591.12
2008-12-06,2523.836,188.144,241.13657,10596.0,240.3,344.94,542.88
2008-12-07,2466.74,180.224,242.23854,10306.6,197.64,18.6,817.62
2008-12-08,1868.636,120.782,243.73161,7751.8,67.02,17.76,795.36005
2008-12-09,2003.144,132.516,243.55565,8291.0,119.1,153.18001,773.16003
2008-12-10,2214.206,146.14,243.39966,9152.6,67.68,248.64,728.4
2008-12-11,1432.522,114.916,243.41837,5935.6,69.6,16.38,478.74002
2008-12-12,1815.534,139.342,243.04301,7519.2,69.42,15.299999,729.24
2008-12-13,1825.574,163.278,241.53854,7663.4,131.16,15.66,556.26
2008-12-14,2002.12,164.014,241.6228,8469.4,224.52,149.81999,324.9
2008-12-15,1795.45,113.744,243.0392,7475.0,70.68,15.12,580.08
2008-12-16,1797.09,114.598,243.8799,7477.4,0.0,15.179999,680.04004
2008-12-17,2098.786,136.216,243.31352,8755.6,255.06,17.039999,648.78
2008-12-18,1736.94,118.07,242.85907,7184.6,67.5,15.48,677.58
2008-12-19,1882.112,132.154,241.86617,7891.4,92.28,17.76,706.38
2008-12-20,2242.772,160.69,242.56686,9354.4,67.92,388.74,769.14
2008-12-21,2643.61,135.072,241.72008,11034.2,65.94,551.34,888.96
2008-12-22,2015.808,124.87,241.8645,8434.2,129.42,23.46,625.98004
2008-12-23,1798.088,151.08,241.77055,7561.0,159.95999,126.9,499.56
2008-12-24,1269.6381,115.318,243.96063,5232.4,0.0,21.84,598.86005
2008-12-25,1061.118,116.882,243.23308,4375.6,0.0,17.1,215.88
2008-12-26,1223.732,124.222,244.35367,5041.0,67.26,16.74,467.76
2008-12-27,2972.164,118.132,243.31189,12141.8,0.0,14.639999,732.54004
2008-12-28,1570.642,112.248,244.56038,6364.8,117.18,13.0199995,317.46002
2008-12-29,555.278,91.638,244.95476,2273.6,0.0,13.08,148.8
2008-12-30,1195.238,113.206,244.63817,4898.6,0.0,14.7,428.7
2008-12-31,1964.188,129.272,243.29662,8190.2,178.5,14.759999,711.60004
2009-01-01,1406.692,112.668,242.83607,5975.8,45.899998,230.7,168.18001
2009-01-02,2327.51,204.73,242.70488,9702.4,145.02,361.08,710.46
2009-01-03,1913.496,174.912,243.68147,7964.4,386.4,19.68,626.34
2009-01-04,1939.994,167.338,244.82243,8111.8,87.42,315.06,194.7
2009-01-05,1604.0,128.938,244.83078,6676.2,74.82,19.32,519.0
2009-01-06,1689.862,115.556,245.09267,6961.0,0.0,15.24,747.72003
2009-01-07,2080.272,141.504,246.04065,8563.4,161.22,229.2,598.74
2009-01-08,1633.27,124.374,245.35074,6797.8,166.37999,17.94,604.5
2009-01-09,1788.702,115.572,244.62242,7462.2,108.119995,16.32,557.10004
2009-01-10,2102.948,161.734,244.12048,8768.0,169.68,257.28,752.34
2009-01-11,1975.988,143.24,245.53156,8301.2,271.26,318.06,353.22
2009-01-12,1589.278,112.428,245.52707,6500.0,0.0,15.66,728.82
2009-01-13,2182.6,134.142,244.45833,9006.2,68.4,19.74,971.64
2009-01-14,1779.078,120.838,244.60774,7350.6,136.62,19.98,619.14
2009-01-15,1564.068,115.546,243.02127,6509.6,163.86,23.4,573.66003
2009-01-16,2766.554,179.92,242.56897,11578.4,348.66,189.48,913.2
2009-01-17,3317.82,164.544,241.63153,13793.6,148.62,189.24,919.32
2009-01-18,3154.194,209.84,242.64407,13201.4,338.94,402.06,763.62
2009-01-19,1699.866,119.274,243.12617,7091.2,67.08,22.56,616.74
2009-01-20,1738.028,133.88,243.39984,7170.8,0.0,16.92,823.62
2009-01-21,1739.434,128.044,244.1052,7189.8,68.88,129.54,589.8
2009-01-22,1237.356,115.6,244.00636,5169.6,0.0,20.46,494.76
2009-01-23,1910.536,126.298,242.76895,7964.4,124.68,17.699999,728.76
2009-01-24,2200.77,169.974,243.25076,9203.2,305.76,269.52,499.32
2009-01-25,2843.664,147.766,242.54399,11738.0,238.26,357.6,672.78
2009-01-26,1674.472,113.276,243.20026,6961.6,67.26,20.88,589.26
2009-01-27,1425.03,135.636,243.9376,6001.8,53.76,16.68,396.48
2009-01-28,2721.734,116.02,243.03223,11276.6,138.06,416.94,857.10004
2009-01-29,1573.698,104.306,243.36285,6527.0,0.0,17.64,539.76
2009-01-30,2059.038,120.094,244.28984,8521.8,97.32,16.8,728.82
2009-01-31,3312.852,238.712,242.47137,13871.8,496.68,394.5,918.54004
2009-02-01,1944.46,169.48601,244.71854,8138.6,242.88,38.34,490.92
2009-02-02,1603.3,106.588,244.87483,6596.8,69.54,13.92,654.9
2009-02-03,1868.39,123.01,244.30272,7695.2,42.18,52.68,899.04004
2009-02-04,2460.924,151.604,244.68669,10139.6,52.260002,417.66,957.60004
2009-02-05,1649.088,122.188,243.85506,6858.0,66.24,15.839999,779.22003
2009-02-06,2048.396,126.872,243.28893,8527.2,69.9,16.38,702.96
2009-02-07,3131.536,184.644,242.05093,13076.6,409.32,268.98,1072.38
2009-02-08,2182.866,134.02,243.35458,9114.6,320.46,15.54,910.44
2009-02-09,1706.6381,134.608,243.32199,7150.4,63.78,13.679999,562.5
2009-02-10,1943.822,115.832,243.15778,8041.2,67.68,15.78,740.34
2009-02-11,2639.39,239.362,242.09756,11133.0,179.1,628.62,731.7
2009-02-12,1968.66,119.284,242.91153,8183.0,66.54,17.939999,1063.4401
2009-02-13,1690.022,109.186,241.69334,7044.2,66.0,15.24,693.24
2009-02-14,2335.49,118.932,241.9545,9688.8,136.98,195.36,1112.7001
2009-02-15,1586.032,114.022,242.84395,6482.0,147.9,13.559999,314.04
2009-02-16,1318.994,111.806,242.143,5512.6,0.0,15.66,422.22
2009-02-17,801.838,117.966,242.17888,3345.4,0.0,17.52,235.5
2009-02-18,826.45,113.064,242.2311,3392.4,0.0,17.82,328.26
2009-02-19,737.268,99.378,241.54959,3040.6,62.76,15.719999,107.76
2009-02-20,1880.736,147.036,240.1907,7970.4,173.81999,17.58,526.08
2009-02-21,1316.184,155.402,240.95435,5481.6,126.659996,15.719999,238.98001
2009-02-22,2238.478,175.828,241.3163,9410.0,228.96,514.56,427.98
2009-02-23,2733.656,129.8,241.24089,11337.2,72.72,224.64,748.26
2009-02-24,1783.144,123.346,240.88794,7441.4,0.0,96.119995,870.72003
2009-02-25,1169.844,113.07,241.20198,4914.0,65.520004,16.439999,441.54
2009-02-26,1156.852,112.6,240.73238,4842.8,0.0,16.08,410.46
2009-02-27,2028.918,202.116,240.96568,8501.0,69.24,14.759999,889.86005
2009-02-28,1630.75,212.588,242.3973,6961.4,68.7,321.48,480.36002
2009-03-01,2467.946,189.112,242.14294,10393.4,670.68,164.4,530.04004
2009-03-02,1477.442,135.364,242.24184,6337.6,93.6,18.6,401.04
2009-03-03,1848.952,127.904,242.89735,7699.8,69.54,16.08,781.44
2009-03-04,1842.13,129.434,242.38449,7772.0,132.84,154.2,503.58002
2009-03-05,1441.812,112.462,241.6796,6124.8,0.0,16.26,545.64
2009-03-06,1783.474,128.956,240.79332,7579.6,68.64,15.9,723.36
2009-03-07,1696.466,149.866,242.47163,7107.8,63.3,48.66,726.78
2009-03-08,2357.166,194.186,242.15979,9909.8,435.18,315.6,761.46
2009-03-09,1685.556,136.04,242.48232,7062.4,120.06,22.14,620.16003
2009-03-10,1836.21,114.902,241.82843,7690.6,0.0,16.859999,696.60004
2009-03-11,2405.904,137.244,241.82118,10119.8,208.56,437.28,644.22003
2009-03-12,1887.26,134.772,241.99841,7859.4,0.0,21.84,819.3
2009-03-13,1445.52,138.684,242.75731,6006.8,64.92,18.66,627.96
2009-03-14,2149.028,155.25,242.1788,8908.0,131.76,16.8,1082.16
2009-03-15,1942.062,177.752,241.77112,8202.6,208.68,309.12,501.18002
2009-03-16,1336.034,119.406,242.40958,5542.8,0.0,18.359999,556.38
2009-03-17,1931.91,234.992,241.95642,8135.0,66.6,237.12,739.2
2009-03-18,1450.68,121.906,242.84062,6020.8,67.38,22.5,726.06
2009-03-19,1191.532,116.412,242.77628,4931.8,0.0,18.84,567.48004
2009-03-20,1463.906,130.038,242.91649,6073.6,64.979996,18.48,637.08
2009-03-21,1930.022,197.656,242.58273,8167.4,325.2,40.92,615.96
2009-03-22,1689.17,130.28,241.5276,7128.8,121.02,226.68,540.9
2009-03-23,1296.45,120.122,242.05365,5456.8,64.68,18.6,359.94
2009-03-24,1661.712,146.836,242.4841,7047.8,102.6,21.119999,608.94
2009-03-25,1838.774,194.036,243.11307,7708.4,166.8,198.9,617.22003
2009-03-26,1211.004,119.75,242.93576,5042.4,0.0,18.72,515.76
2009-03-27,1713.926,181.074,242.62865,7221.8,66.18,31.56,596.82
2009-03-28,2260.976,276.7,242.1356,9508.8,271.62,19.619999,733.5
2009-03-29,2216.65,137.094,242.54857,9242.4,96.659996,241.44,570.12
2009-03-30,1477.452,131.324,242.72852,6198.8,65.1,17.699999,594.06
2009-03-31,1823.482,137.988,242.16791,7645.0,132.12,162.66,777.48004
2009-04-01,1641.14,143.048,242.90604,6923.4,168.42,141.84,438.54
2009-04-02,1644.334,124.762,242.23965,6856.4,67.68,19.439999,810.0
2009-04-03,1363.26,132.598,241.81189,5735.4,0.0,19.56,513.36
2009-04-04,2191.232,199.728,241.45065,9211.0,161.94,250.31999,975.06
2009-04-05,1375.716,183.012,242.31372,5921.4,229.92,21.42,390.18
2009-04-06,1452.634,131.54,242.30115,6084.8,47.94,19.98,608.46
2009-04-07,1440.092,152.732,241.98941,6093.0,66.18,20.279999,547.26
2009-04-08,1534.6,161.35,242.25972,6520.2,127.86,169.62,478.08002
2009-04-09,1890.472,176.936,242.29683,7869.0,160.92,21.96,808.92
2009-04-10,1842.114,165.792,242.03448,7674.0,123.42,169.31999,829.68
2009-04-11,2462.446,253.666,240.96925,10332.4,219.66,257.16,1093.98
2009-04-12,2141.012,281.67,240.4033,9119.2,449.88,90.24,748.2
2009-04-13,1602.718,200.264,241.12727,6830.8,60.9,339.06,374.76
2009-04-14,1501.538,188.58,241.49232,6386.4,53.28,140.46,568.68
2009-04-15,1216.062,190.886,241.32071,5199.8,112.799995,27.779999,316.68
2009-04-16,1564.524,179.016,240.47604,6658.8,173.76,23.82,588.54004
2009-04-17,2042.81,171.198,241.32773,8592.4,0.0,313.44,459.30002
2009-04-18,1512.266,146.958,241.04625,6376.4,61.68,156.78,641.94
2009-04-19,1286.468,153.604,242.65852,5397.8,132.06,22.56,485.28
2009-04-20,1486.51,169.502,241.90456,6240.0,0.0,158.64,628.56
2009-04-21,1894.598,182.732,240.64845,7970.8,115.5,22.5,442.80002
2009-04-22,1496.198,203.908,241.27484,6296.8,61.44,72.18,795.9
2009-04-23,1141.46,175.454,241.49464,4899.2,64.08,23.699999,330.66
2009-04-24,1194.048,180.82,241.79008,5083.0,0.0,22.98,580.62
2009-04-25,2022.284,235.592,240.50833,8548.0,120.42,234.06,793.5
2009-04-26,1781.626,229.618,241.86493,7548.6,183.18,181.02,633.66003
2009-04-27,1351.628,160.408,241.00124,5766.0,59.7,22.56,421.26
2009-04-28,1706.386,160.366,241.99013,7285.0,124.079994,22.26,688.14
2009-04-29,1664.68,141.616,242.18654,6996.2,62.579998,149.52,562.32
2009-04-30,1834.762,138.056,241.90434,7666.4,61.62,21.779999,918.3
2009-05-01,1512.802,190.462,241.27309,6370.8,64.02,63.12,702.54004
2009-05-02,1393.91,179.62,241.8829,5871.6,85.799995,22.439999,585.60004
2009-05-03,1608.878,179.698,242.06635,6857.2,192.42,155.58,433.56
2009-05-04,1667.882,146.056,241.43523,6971.6,60.42,24.66,682.44
2009-05-05,1731.474,141.914,240.8185,7282.4,62.94,332.34,609.96
2009-05-06,1349.902,146.378,240.89673,5716.4,62.28,107.82,543.48
2009-05-07,1012.648,135.008,241.17352,4280.8,0.0,22.439999,479.52002
2009-05-08,1857.156,154.882,240.8248,7801.6,133.56,50.879997,925.56
2009-05-09,1261.352,182.984,241.57422,5420.8,125.4,22.92,396.30002
2009-05-10,1967.248,205.226,241.07037,8412.6,258.0,400.26,521.58
2009-05-11,1517.176,158.44,240.25133,6380.6,62.1,27.42,660.54004
2009-05-12,1625.956,150.022,240.37679,6867.2,0.0,162.78,680.10004
2009-05-13,1246.398,171.566,240.63599,5338.6,85.14,33.18,427.62
2009-05-14,1606.984,151.91,240.05952,6920.2,0.0,243.90001,689.94
2009-05-15,1422.226,140.546,240.9572,6023.2,82.92,29.64,731.7
2009-05-16,2007.378,186.502,239.98875,8475.0,102.3,289.2,735.9
2009-05-17,1543.764,226.46,240.30074,6631.8,153.3,115.56,430.08002
2009-05-18,1209.906,154.56,240.95868,5066.2,45.78,22.439999,538.26
2009-05-19,1617.344,188.884,240.99295,6770.2,195.18,47.52,658.86
2009-05-20,1307.162,182.382,241.3197,5528.8,63.66,113.34,568.2
2009-05-21,1575.15,212.396,241.0191,6636.2,93.18,76.68,753.78
2009-05-22,1074.806,237.242,241.96654,4609.4,58.92,72.42,484.68
2009-05-23,1530.598,193.25,240.56842,6472.0,28.8,110.64,754.74
2009-05-24,1287.786,177.2,242.01797,5429.6,2.7,26.76,615.36
2009-05-25,1354.096,183.162,238.43091,5762.6,55.2,57.96,595.8
2009-05-26,1338.644,126.464,231.80232,5816.4,71.46,51.6,606.12
2009-05-27,1544.292,124.902,231.14297,6729.8,63.12,141.3,664.56
2009-05-28,1179.736,128.786,233.70236,5058.6,90.12,25.26,542.94
2009-05-29,1242.846,147.15,241.5587,5232.2,60.3,26.039999,606.72003
2009-05-30,1659.106,233.688,241.1634,7060.4,167.22,102.42,693.42
2009-05-31,956.89,200.616,241.45615,4156.8,87.96,27.48,343.2
2009-06-01,1443.26,229.876,241.33412,6208.2,167.34,27.66,681.66003
2009-06-02,1090.6381,223.696,241.6303,4849.6,0.0,30.359999,473.52002
2009-06-03,1356.578,200.926,240.40593,5870.4,56.4,82.2,694.62
2009-06-04,1035.66,164.662,240.0102,4440.2,114.36,27.3,414.30002
2009-06-05,1230.36,156.95,239.86322,5256.0,0.0,27.359999,750.9
2009-06-06,1475.45,233.496,240.58183,6356.6,106.14,163.92,636.66003
2009-06-07,1207.392,218.93001,241.01855,5225.6,124.619995,98.46,362.04
2009-06-08,1178.776,129.36,240.06473,5100.6,61.44,25.92,513.06
2009-06-09,1332.85,154.396,240.92352,5699.2,60.0,24.84,641.7
2009-06-10,1602.996,159.20801,240.71608,6816.8,61.92,284.7,593.34
2009-06-11,1300.65,159.932,241.17606,5548.8,0.0,28.32,636.60004
2009-06-12,1101.732,152.704,240.93735,4703.0,60.54,27.599998,428.22
2009-06-13,1101.87,154.292,240.94804,4702.0,60.54,27.9,428.58002
2009-06-14,1101.87,154.292,240.94804,4702.0,60.54,27.9,428.58002
2009-06-15,1089.938,202.02,241.02422,4695.2,54.96,30.539999,464.22
2009-06-16,1508.792,212.188,240.83119,6458.2,178.98,73.26,821.46
2009-06-17,988.016,192.86,241.2955,4260.8,58.5,36.66,431.58002
2009-06-18,1165.7,165.954,241.29622,4906.8,0.0,27.66,673.38
2009-06-19,1086.866,164.26,241.31758,4620.2,58.14,28.5,464.22
2009-06-20,1107.1,179.056,241.48459,4679.2,0.0,159.42,549.54
2009-06-21,855.142,161.526,241.28676,3646.4,62.34,24.72,360.12
2009-06-22,1094.098,162.124,241.2023,4634.0,0.0,26.939999,668.88
2009-06-23,1039.214,163.872,241.21326,4428.2,60.6,75.659996,491.16
2009-06-24,1534.874,194.322,240.53717,6503.2,183.54,74.34,856.5
2009-06-25,771.362,183.966,241.17795,3332.0,0.0,29.699999,373.44
2009-06-26,1277.322,238.866,240.54077,5531.0,109.56,32.28,597.12
2009-06-27,1709.052,271.624,241.81415,7240.6,159.78,145.92,808.08
2009-06-28,1059.394,277.824,241.83844,4621.0,0.0,85.26,404.52002
2009-06-29,1010.134,236.026,241.89383,4358.0,107.64,35.88,387.72
2009-06-30,1192.446,283.15,241.9436,5244.8,34.92,62.04,539.34
2009-07-01,1218.342,265.742,241.8093,5251.6,59.34,35.399998,584.82
2009-07-02,1242.578,276.318,241.96675,5349.6,38.219997,36.18,481.92
2009-07-03,864.148,245.996,241.92336,3794.6,51.36,38.52,442.26
2009-07-04,1238.568,373.902,241.14746,5535.6,125.04,139.74,407.46
2009-07-05,1410.736,383.148,241.44458,6206.8,192.9,86.28,480.84
2009-07-06,954.26,270.97202,241.76347,4178.6,25.74,45.3,428.52
2009-07-07,1110.136,256.638,241.64102,4901.4,77.52,217.14,342.24
2009-07-08,1234.4,221.196,241.60376,5315.0,0.0,210.84,558.48
2009-07-09,846.252,194.65201,242.59113,3761.0,0.0,39.36,286.98
2009-07-10,1193.802,218.106,242.24539,5083.2,59.28,157.44,449.64
2009-07-11,993.968,249.472,242.2148,4346.2,58.86,40.98,465.36002
2009-07-12,513.478,191.48,242.30495,2305.4,0.0,35.34,243.6
2009-07-13,496.746,196.526,242.5475,2250.0,0.0,35.64,232.86
2009-07-14,911.43,266.574,242.20538,4054.0,138.18,37.079998,369.30002
2009-07-15,718.074,189.692,241.9269,3121.2,52.68,55.92,349.2
2009-07-16,599.554,259.326,242.11697,2701.6,0.0,103.439995,234.12
2009-07-17,731.808,179.134,241.59462,3161.2,0.0,37.559998,400.2
2009-07-18,966.41,218.338,242.00627,4154.2,0.0,39.78,323.34
2009-07-19,1203.644,259.25,242.04662,5077.2,0.0,35.879997,303.48
2009-07-20,662.486,217.864,241.84186,2949.0,54.84,47.039997,296.88
2009-07-21,813.762,266.7,242.52287,3600.8,0.0,58.859997,467.7
2009-07-22,739.532,238.48,242.07942,3258.0,0.0,40.86,237.9
2009-07-23,1030.0,218.91,241.94331,4396.0,55.56,37.32,543.84
2009-07-24,561.738,208.536,241.75082,2529.4,0.0,37.8,247.68001
2009-07-25,536.688,195.46,242.09708,2422.4,0.0,34.62,222.96
2009-07-26,543.016,239.798,242.6574,2473.0,0.0,61.14,227.94
2009-07-27,688.566,321.95,242.52808,3142.2,0.0,123.71999,312.12
2009-07-28,902.85,252.766,242.22142,3986.0,0.0,293.94,261.18
2009-07-29,902.0,185.468,241.50047,3904.4,52.14,44.94,452.94
2009-07-30,792.326,198.206,242.43903,3471.4,0.0,138.24,242.40001
2009-07-31,975.83,228.246,241.87108,4323.2,51.9,205.38,378.12
2009-08-01,706.966,242.662,241.50302,3178.6,0.0,50.64,374.88
2009-08-02,489.724,205.492,240.9416,2258.6,0.0,38.219997,212.34
2009-08-03,500.298,197.3,241.92007,2254.4,0.0,36.3,228.66
2009-08-04,508.892,196.38,242.27647,2317.6,0.0,36.42,232.26
2009-08-05,518.652,207.894,242.30757,2368.0,0.0,37.2,242.52
2009-08-06,532.672,214.786,241.22876,2415.4,0.0,39.54,251.58
2009-08-07,539.296,221.29,241.35779,2442.0,0.0,40.079998,253.92
2009-08-08,526.472,214.068,241.72711,2390.0,0.0,38.76,245.58
2009-08-09,998.234,284.326,242.04941,4402.4,119.04,142.8,309.24
2009-08-10,1069.358,298.248,241.02849,4719.0,0.0,223.14,360.72
2009-08-11,950.954,307.45,241.84149,4246.2,51.42,88.02,394.62
2009-08-12,824.436,272.552,241.80827,3678.2,54.72,41.34,299.46
2009-08-13,1015.51,267.762,241.4227,4474.8,72.9,245.52,272.46
2009-08-14,748.676,241.328,241.17958,3287.8,25.74,51.0,278.82
2009-08-15,1514.062,384.762,240.89635,6632.4,206.22,111.12,535.32
2009-08-16,1217.712,409.052,240.52086,5464.0,96.24,65.64,341.46
2009-08-17,785.908,251.462,241.22044,3480.6,0.06,48.78,375.66
2009-08-18,1080.598,246.724,240.82648,4691.8,138.36,86.4,379.44
2009-08-19,880.742,262.994,241.54158,3925.4,53.76,48.719997,362.64
2009-08-20,775.722,260.89,241.08562,3489.6,0.0,52.98,368.28
2009-08-21,1161.746,262.362,240.61176,5044.8,182.58,53.219997,451.62
2009-08-22,1548.738,417.834,241.12325,6855.4,272.63998,192.18,512.94
2009-08-23,1066.708,371.828,241.55547,4795.8,56.94,49.14,419.64
2009-08-24,1252.254,285.104,241.06554,5431.4,136.74,44.219997,494.82
2009-08-25,943.61,276.826,241.50986,4160.4,68.4,45.3,377.46
2009-08-26,1136.546,269.214,241.77745,4943.2,127.86,90.96,471.6
2009-08-27,749.466,251.206,241.63812,3337.4,0.0,39.84,256.98
2009-08-28,1118.842,246.89,240.87444,4856.0,106.68,67.5,449.1
2009-08-29,1388.414,315.52,240.97533,6024.2,54.3,88.979996,702.42
2009-08-30,1668.342,294.084,241.08125,7171.6,159.18,81.78,638.88
2009-08-31,1265.522,219.318,238.7429,5504.2,57.6,40.68,598.44
2009-09-01,980.536,217.072,241.2211,4311.4,0.0,41.82,364.38
2009-09-02,1222.814,207.858,241.81778,5239.0,56.82,39.54,595.26
2009-09-03,1251.188,213.438,241.33008,5417.4,199.14,185.94,300.66
2009-09-04,1024.388,181.064,242.01286,4401.0,0.0,38.16,485.7
2009-09-05,1513.866,270.068,240.86029,6524.4,179.28,134.88,625.98004
2009-09-06,1228.63,220.532,241.86034,5277.8,59.7,35.28,541.86
2009-09-07,1221.458,201.492,241.71161,5241.0,131.76,34.62,497.94
2009-09-08,1086.254,200.204,241.35161,4643.0,60.12,34.62,511.98
2009-09-09,1521.344,223.572,241.3085,6467.4,57.84,229.92,640.26
2009-09-10,1112.354,202.392,241.22894,4765.2,55.68,36.0,390.48
2009-09-11,1214.146,183.378,241.15,5134.4,0.0,37.86,701.58
2009-09-12,2064.358,325.196,240.70705,8845.2,574.98,72.12,756.06
2009-09-13,1572.014,271.444,240.25015,6753.4,248.76,36.719997,611.34
2009-09-14,1574.858,239.666,241.47696,6706.8,170.58,36.18,545.46
2009-09-15,1456.806,184.276,240.99239,6170.4,106.14,33.6,518.64
2009-09-16,1743.162,197.746,240.2313,7415.6,62.100002,208.2,803.04004
2009-09-17,1223.426,167.282,241.36066,5199.6,0.0,33.78,582.60004
2009-09-18,1374.032,169.212,241.0992,5815.6,119.58,39.12,549.06
2009-09-19,2135.71,263.492,240.35402,9013.6,96.42,243.0,890.7
2009-09-20,2035.328,295.694,241.29544,8674.6,271.91998,147.96,716.10004
2009-09-21,1417.868,214.166,241.25269,6049.8,55.26,36.239998,650.64
2009-09-22,1246.536,207.256,241.18204,5326.8,56.22,35.82,510.12
2009-09-23,1636.61,235.964,240.74661,6947.6,125.1,58.68,773.04004
2009-09-24,1426.258,224.076,240.38724,6098.4,63.06,37.26,622.44
2009-09-25,1161.016,207.896,241.42291,5016.4,0.0,35.64,581.64
2009-09-26,1556.254,288.042,241.17851,6602.8,116.58,34.26,874.86005
2009-09-27,1410.472,230.484,241.22182,6048.8,109.02,274.26,513.24
2009-09-28,1299.456,193.198,241.72635,5465.4,0.0,36.18,647.82
2009-09-29,1146.398,199.878,240.89735,4887.2,61.86,36.18,439.32
2009-09-30,1777.568,212.37,240.7523,7545.0,58.2,484.8,553.92
2009-10-01,1287.252,185.416,241.52951,5452.8,57.0,36.12,565.98004
2009-10-02,1152.668,183.156,240.75888,4876.0,0.0,34.2,608.52
2009-10-03,1716.74,255.396,240.63635,7272.6,218.64,55.2,868.8
2009-10-04,1621.106,225.21,240.69887,6933.8,191.34,209.94,538.8
2009-10-05,1275.522,161.54,241.22054,5326.0,59.04,32.52,478.98
2009-10-06,1428.448,179.276,241.18005,6006.2,0.06,32.579998,528.36
2009-10-07,1821.834,207.422,241.21196,7688.2,44.04,260.04,594.48004
2009-10-08,1577.166,186.614,241.06976,6600.8,125.46,37.14,694.08
2009-10-09,1351.862,188.418,240.81015,5693.2,0.0,33.54,643.08
2009-10-10,2012.756,255.622,239.7614,8535.2,270.6,34.2,888.66003
2009-10-11,1939.724,268.814,240.64787,8275.8,246.66,387.24,519.96
2009-10-12,1351.604,157.714,240.22383,5714.8,59.82,30.9,565.2
2009-10-13,1449.1,165.392,240.24728,6119.6,58.98,31.8,571.8
2009-10-14,1711.224,175.09,239.75946,7206.6,120.06,187.86,600.78
2009-10-15,1489.976,139.632,241.12213,6227.0,97.74,27.779999,578.46
2009-10-16,1516.86,145.384,240.246,6357.8,0.0,28.92,668.16003
2009-10-17,2742.08,261.152,238.89056,11585.6,329.4,261.84,1099.56
2009-10-18,1556.164,142.644,240.75084,6480.8,42.72,29.939999,668.64
2009-10-19,1369.108,134.358,242.26024,5692.4,66.24,27.42,493.62
2009-10-20,1722.808,151.558,242.52751,7164.0,45.6,27.0,660.3
2009-10-21,1969.506,192.17,242.307,8227.2,121.86,354.96,514.14
2009-10-22,1399.71,155.85,242.41396,5821.0,0.0,29.519999,664.44
2009-10-23,1757.45,196.704,241.09628,7408.6,190.8,29.699999,701.76
2009-10-24,2614.408,218.464,239.89319,11028.2,372.12,31.08,956.46
2009-10-25,2406.536,243.182,239.92554,10181.2,180.59999,370.86002,821.46
2009-10-26,1112.344,160.216,241.53043,4664.4,28.5,28.08,347.28
2009-10-27,1116.756,173.798,241.24277,4708.8,34.739998,26.939999,502.02002
2009-10-28,1268.708,164.972,241.40816,5312.8,62.64,27.779999,559.08
2009-10-29,1981.44,251.842,240.34685,8428.8,45.9,247.5,340.62
2009-10-30,1493.358,168.534,241.48033,6267.0,106.74,120.3,529.68
2009-10-31,1875.942,171.058,240.51906,7851.8,106.38,150.84,878.22003
2009-11-01,1843.168,221.902,240.92418,7759.2,118.2,28.199999,732.9
2009-11-02,1504.226,170.082,241.2846,6337.0,112.86,28.26,449.4
2009-11-03,2266.688,241.762,241.14192,9549.8,120.54,237.06,541.5
2009-11-04,1801.8,172.428,242.07812,7532.4,64.5,240.48,734.76
2009-11-05,1560.466,159.064,241.66528,6535.6,66.3,31.92,592.08
2009-11-06,1390.45,169.354,242.56816,5804.6,0.0,26.519999,679.56
2009-11-07,1557.176,197.68,241.87859,6495.0,131.22,24.48,600.84
2009-11-08,2508.002,226.688,243.2504,10429.6,296.46,124.5,892.26
2009-11-09,1409.268,177.874,243.57515,5909.8,67.5,28.019999,458.4
2009-11-10,1606.184,167.302,242.50098,6693.4,67.08,25.92,707.28
2009-11-11,2040.48,223.068,242.37135,8603.6,140.28,306.3,672.84
2009-11-12,1463.066,153.198,242.20668,6124.8,89.159996,25.74,564.18
2009-11-13,1532.926,156.932,241.2357,6417.2,111.36,24.42,550.68
2009-11-14,2560.456,245.848,240.2224,10733.0,250.14,144.66,1132.0801
2009-11-15,1967.308,211.148,240.32536,8321.0,59.46,316.68,566.76
2009-11-16,1514.468,157.194,241.88487,6340.6,121.26,32.7,561.24
2009-11-17,1708.294,167.628,242.66058,7075.4,0.0,27.18,696.96
2009-11-18,2639.174,203.88,241.29666,11067.6,360.72,459.3,827.22003
2009-11-19,1474.848,149.054,242.97507,6121.6,0.0,28.859999,656.16003
2009-11-20,1961.016,146.026,241.58238,8196.8,50.58,24.42,768.96
2009-11-21,2496.856,211.304,240.62088,10484.8,341.64,119.82,753.18
2009-11-22,2450.976,222.638,241.0777,10358.2,406.44,24.66,965.82
2009-11-23,1471.122,148.338,242.7427,6100.8,0.0,24.119999,493.80002
2009-11-24,2128.856,153.82,241.97652,8899.0,149.46,274.74,545.16003
2009-11-25,1980.13,175.476,241.17877,8309.2,44.7,304.98,635.76
2009-11-26,1599.626,141.542,242.64346,6640.2,135.72,24.42,604.14
2009-11-27,1380.026,133.052,241.85881,5704.0,0.0,23.76,695.94
2009-11-28,1858.95,225.218,241.59644,7784.8,191.94,23.16,861.0
2009-11-29,1650.962,191.056,243.30873,6878.4,64.38,183.66,469.68
2009-11-30,1745.19,153.382,243.7643,7232.2,64.8,21.66,722.34
2009-12-01,1756.378,141.874,242.63316,7312.8,0.0,21.24,649.26
2009-12-02,2345.668,170.23,241.66931,9820.4,68.58,423.12,771.06
2009-12-03,1479.688,145.222,243.28409,6182.4,62.34,24.119999,594.36
2009-12-04,1711.294,183.222,243.3857,7178.6,69.479996,21.119999,548.04
2009-12-05,2351.762,274.112,241.29877,9968.4,229.32,21.06,799.44
2009-12-06,2378.288,291.892,241.26927,10056.0,171.0,250.5,745.2
2009-12-07,1742.638,165.088,242.5436,7294.8,67.92,21.48,617.46
2009-12-08,2006.884,179.192,243.73108,8338.0,66.48,21.0,922.56
2009-12-09,1802.356,187.594,242.40732,7559.8,123.24,201.3,478.26
2009-12-10,2057.256,223.412,241.7818,8595.6,169.5,20.939999,926.16003
2009-12-11,1784.462,219.624,244.29112,7388.4,92.759995,23.099998,675.06
2009-12-12,1816.38,248.73,244.93895,7576.2,65.22,247.2,491.88
2009-12-13,2138.814,222.19,244.49759,8877.4,239.04,25.019999,790.68
2009-12-14,1794.862,151.982,246.1488,7376.0,65.4,136.8,644.52
2009-12-15,1940.116,162.344,246.04318,7941.0,66.659996,23.519999,845.04
2009-12-16,1394.874,154.43,247.21587,5750.4,68.58,176.58,486.24
2009-12-17,1717.182,148.97,246.89413,6971.4,0.0,18.48,863.7
2009-12-18,1744.706,160.418,246.59486,7154.4,71.7,18.24,687.96
2009-12-19,2204.334,137.608,245.93456,8989.8,69.9,159.72,820.86
2009-12-20,1144.166,122.1,247.435,4672.0,74.22,18.779999,467.7
2009-12-21,2034.966,171.948,246.40923,8320.8,197.58,16.92,688.38
2009-12-22,1888.022,153.362,245.73843,7726.6,0.0,17.1,949.74
2009-12-23,1455.2,135.416,246.87897,5934.8,68.58,17.039999,672.3
2009-12-24,2905.894,203.66,245.83511,11942.8,311.04,334.5,911.88
2009-12-25,2127.648,192.384,243.5883,8823.8,202.26,233.7,857.28
2009-12-26,2183.618,160.884,242.46571,9081.2,71.16,257.63998,962.82
2009-12-27,2195.452,207.164,242.66603,9165.2,253.08,19.08,747.0
2009-12-28,2094.098,181.668,243.7776,8688.0,130.5,123.78,896.04004
2009-12-29,2047.968,242.05,243.18301,8514.2,75.6,20.76,612.3
2009-12-30,2451.11,266.794,241.05223,10322.6,317.04,272.34,749.04004
2009-12-31,2211.892,186.612,240.95882,9218.4,0.0,23.22,1164.54
2010-01-01,1224.252,165.336,242.5657,5093.4,138.24,19.619999,213.48
2010-01-02,1309.268,199.546,244.67558,5489.8,48.06,17.88,385.5
2010-01-03,2083.454,191.61,243.74454,8703.6,230.52,295.2,604.44
2010-01-04,1604.132,156.404,245.69911,6623.2,0.0,17.52,648.72
2010-01-05,2219.78,148.936,244.52103,9139.8,107.1,17.58,988.08
2010-01-06,1777.18,152.08,245.2348,7361.4,103.86,195.36,681.54
2010-01-07,1769.442,115.024,244.90857,7300.4,71.88,15.299999,776.16
2010-01-08,1797.208,159.78,244.40482,7418.0,0.0,59.64,751.86
2010-01-09,2336.9,199.4,243.86972,9696.2,166.86,291.3,884.04
2010-01-10,2508.466,227.17,243.84062,10406.0,213.84,121.92,846.48
2010-01-11,1518.684,156.206,246.06912,6242.6,75.06,20.4,616.74
2010-01-12,1995.796,202.538,244.95175,8265.0,108.18,218.58,750.54
2010-01-13,1995.796,202.538,244.95175,8265.0,108.18,218.58,750.54
2010-01-14,2116.224,239.598,244.83687,8804.6,146.52,223.62,749.4
2010-01-15,2196.76,218.29,243.72575,9122.4,117.42,177.12,812.76
2010-01-16,2150.112,242.518,243.04523,8956.4,156.3,144.9,819.12
2010-01-17,1906.556,188.98601,242.54301,7951.0,119.52,17.88,902.64
2010-01-18,1881.098,191.772,243.63637,7807.0,37.02,17.699999,778.86
2010-01-19,2433.508,161.754,243.02312,10086.6,122.64,39.18,1158.66
2010-01-20,2351.728,199.86,242.76044,9807.4,139.02,200.46,873.78
2010-01-21,2137.856,185.42,242.95126,8873.2,53.64,26.939999,987.06
2010-01-22,1790.626,156.858,241.85017,7463.8,41.94,21.119999,870.72003
2010-01-23,2610.33,260.426,240.8272,11038.0,189.24,245.16,962.34
2010-01-24,2269.42,175.238,241.74619,9511.4,209.76,165.6,662.76
2010-01-25,1930.51,147.674,242.8986,7992.0,82.08,27.3,968.16003
2010-01-26,2067.564,130.93001,243.33948,8501.0,31.56,23.699999,974.58
2010-01-27,2760.902,148.762,241.98611,11505.8,122.64,384.18,1089.24
2010-01-28,2110.234,158.52,243.24904,8731.2,121.92,30.24,899.22003
2010-01-29,2092.99,147.674,243.63281,8609.2,89.28,51.059998,1083.66
2010-01-30,2842.728,235.996,242.0794,11962.4,194.4,452.64,1073.46
2010-01-31,1799.196,171.516,243.40265,7491.2,102.9,82.799995,754.14
2010-02-01,1693.778,124.784,243.63174,6995.2,66.66,22.019999,877.38
2010-02-02,2157.432,131.168,243.33281,8853.6,0.0,22.92,1292.16
2010-02-03,2903.014,183.692,242.38809,12052.8,134.04,505.38,1267.8
2010-02-04,2316.27,141.848,242.10078,9567.2,64.44,31.92,1424.58
2010-02-05,2098.892,142.978,241.94125,8748.6,54.12,28.439999,1080.48
2010-02-06,2712.986,296.614,241.09207,11423.8,259.44,132.54,1071.42
2010-02-07,1625.708,162.466,242.68446,6806.6,164.16,230.22,332.76
2010-02-08,2582.238,139.75,241.9968,10666.8,69.659996,25.859999,1185.84
2010-02-09,2420.932,139.712,243.15038,9965.0,72.84,24.599998,1186.14
2010-02-10,1946.878,141.622,242.44748,8080.8,73.14,178.56,733.92
2010-02-11,1369.768,124.15,244.51239,5626.6,0.0,19.8,594.96
2010-02-12,1892.998,132.282,243.6263,7787.6,74.46,18.72,912.66003
2010-02-13,2351.556,144.794,242.88908,9711.4,110.28,317.52,1122.6
2010-02-14,1688.294,124.66,243.14334,6957.8,73.38,19.199999,792.48
2010-02-15,2097.132,131.27,243.4468,8701.0,208.08,19.92,963.9
2010-02-16,1797.756,119.606,243.75375,7413.6,116.7,19.02,769.2
2010-02-17,2054.56,119.56,242.34682,8555.4,137.64,398.16,606.06
2010-02-18,1761.156,140.0,243.5882,7255.0,57.9,23.1,893.04
2010-02-19,1953.572,135.15,241.7074,8142.0,127.44,23.82,872.58
2010-02-20,1983.728,151.248,241.78897,8273.6,224.88,22.92,868.2
2010-02-21,2740.314,167.45801,240.62537,11575.2,354.3,488.52,1024.98
2010-02-22,1474.036,160.624,240.5795,6213.6,83.58,130.02,609.54004
2010-02-23,1461.28,168.058,241.98468,6126.6,0.0,180.06,528.36
2010-02-24,1914.278,150.128,241.4658,7953.2,135.6,100.92,858.9
2010-02-25,1880.204,130.878,240.98315,7784.4,0.0,28.439999,907.2
2010-02-26,2120.156,139.31,240.42563,8840.6,68.76,147.24,889.26
2010-02-27,1765.056,152.39,241.54446,7417.2,224.58,26.46,861.48004
2010-02-28,711.666,134.068,242.56747,2968.2,0.0,29.22,177.12
2010-03-01,1298.728,130.076,241.82278,5411.2,107.1,28.26,426.9
2010-03-02,766.906,136.396,241.75206,3204.8,0.0,25.439999,216.3
2010-03-03,935.834,120.934,241.21144,3935.6,0.0,25.5,433.26
2010-03-04,682.88,125.954,242.9923,2890.4,0.0,26.16,175.68
2010-03-05,1133.726,135.416,243.48631,4703.4,66.479996,21.06,355.08
2010-03-06,794.712,139.558,243.03125,3321.6,0.0,25.14,238.2
2010-03-07,1372.472,133.948,243.55174,5712.0,0.0,280.44,220.74
2010-03-08,2557.098,252.338,243.77458,10691.2,252.84,458.7,958.26
2010-03-09,1760.112,168.078,243.5275,7316.2,50.76,23.82,653.58
2010-03-10,1822.632,130.298,243.5658,7483.6,70.02,22.5,894.96
2010-03-11,1951.09,152.388,242.68144,8120.8,124.26,19.199999,942.36
2010-03-12,1645.424,148.71,243.01353,6800.0,101.46,24.66,844.56
2010-03-13,2383.01,265.362,241.99693,9943.2,170.88,332.04,1078.38
2010-03-14,1566.714,200.632,241.98631,6616.6,207.84,55.079998,426.06
2010-03-15,1791.85,164.312,242.29575,7456.8,46.68,26.16,903.18
2010-03-16,1542.65,167.73601,241.54008,6423.8,0.0,27.42,604.98
2010-03-17,2009.13,185.748,241.64134,8392.0,68.159996,351.06,786.3
2010-03-18,1562.682,166.214,241.50226,6548.2,68.82,34.2,650.7
2010-03-19,1663.384,189.478,241.42445,6920.6,0.0,35.76,755.46
2010-03-20,1670.584,181.872,241.28864,6951.2,0.0,30.42,796.5
2010-03-21,1781.146,182.048,240.928,7473.2,100.2,183.96,759.12
2010-03-22,1618.59,171.556,241.3588,6749.4,68.520004,33.42,831.54004
2010-03-23,1822.162,186.634,241.16629,7733.4,173.52,69.18,786.42
2010-03-24,1994.752,209.558,240.72467,8354.8,64.5,349.92,769.02
2010-03-25,1679.884,186.758,242.26515,6974.2,0.0,36.66,827.82
2010-03-26,1651.284,205.882,241.50404,6910.2,64.68,40.92,752.82
2010-03-27,1847.97,195.092,240.41257,7766.6,64.02,184.8,748.98004
2010-03-28,1798.214,260.428,241.37355,7666.4,64.98,473.7,427.08002
2010-03-29,1622.738,207.082,241.52159,6806.0,0.0,38.16,925.2
2010-03-30,1906.454,280.718,241.08461,8116.6,105.6,34.26,825.9
2010-03-31,1923.802,201.578,240.19418,8154.6,64.020004,378.78,722.46
2010-04-01,1687.44,144.464,241.75417,7025.8,106.8,31.019999,863.58
2010-04-02,1648.622,152.906,242.77353,6816.2,0.0,28.98,784.44
2010-04-03,1805.278,206.65,243.24994,7446.2,106.68,38.879997,1061.64
2010-04-04,1690.3881,238.976,241.74744,7093.0,65.82,49.86,761.22003
2010-04-05,1118.82,165.42,243.65514,4707.0,105.3,86.159996,330.18
2010-04-06,1825.852,170.614,242.74413,7572.8,69.24,36.78,748.56
2010-04-07,1596.982,184.526,241.83122,6689.4,64.62,206.4,681.72003
2010-04-08,1649.22,165.142,241.99484,6853.0,8.7,40.14,799.32
2010-04-09,1233.35,162.482,242.58287,5141.6,65.28,33.96,635.7
2010-04-10,1190.208,179.52,241.28285,5020.2,62.64,57.6,535.98
2010-04-11,1603.334,175.276,241.49265,6817.4,329.94,33.239998,531.06
2010-04-12,1439.426,157.73,242.00644,5996.6,39.6,36.66,716.94
2010-04-13,1512.704,171.14,241.73514,6324.8,65.82,38.76,781.98
2010-04-14,1660.364,179.198,241.37561,6979.6,67.92,352.26,551.64
2010-04-15,1872.178,167.336,240.85219,7812.6,151.56,39.48,940.02
2010-04-16,1562.062,170.38,241.99184,6553.0,170.22,35.52,757.38
2010-04-17,1557.712,149.862,241.30516,6549.2,33.18,187.44,754.26
2010-04-18,1476.106,148.232,240.68123,6164.4,66.24,37.079998,753.0
2010-04-19,1708.594,166.404,241.25981,7146.6,73.8,255.3,808.44
2010-04-20,1833.628,175.902,240.77725,7677.0,83.28,43.14,1000.08
2010-04-21,1579.914,158.406,241.93004,6560.8,0.0,38.1,774.12
2010-04-22,1460.904,186.65,240.74603,6143.0,63.72,39.18,749.52
2010-04-23,1180.536,177.164,241.61292,4946.8,0.0,37.38,658.86
2010-04-24,1518.418,306.838,241.51613,6603.0,266.7,88.979996,493.38
2010-04-25,1542.742,238.99,240.66156,6511.0,0.0,141.0,455.7
2010-04-26,1082.716,166.42,241.23138,4563.6,62.28,27.599998,458.1
2010-04-27,1250.94,162.28,242.07596,5206.8,0.0,32.7,512.34
2010-04-28,867.858,182.684,242.51984,3673.6,0.0,34.68,362.1
2010-04-29,1103.724,173.714,242.27916,4602.4,0.71999997,40.739998,486.12
2010-04-30,1118.628,208.394,241.81766,4785.0,161.7,39.54,418.14
2010-05-01,1320.158,192.524,240.64716,5659.0,119.04,293.1,405.06
2010-05-02,2187.91,233.98,240.38826,9248.4,111.479996,477.96,867.24
2010-05-03,1411.302,153.192,237.18724,5988.8,58.8,32.04,709.5
2010-05-04,1516.96,154.24,236.03702,6483.6,0.0,61.079998,720.42
2010-05-05,1805.308,129.2,236.1056,7725.8,178.14,131.64,730.98
2010-05-06,1299.25,118.704,235.9891,5504.0,0.0,18.06,616.8
2010-05-07,1644.004,145.164,237.4959,6934.6,63.18,19.92,816.12
2010-05-08,1533.422,173.222,241.89703,6458.8,214.14,146.1,609.48
2010-05-09,1566.51,205.384,241.40132,6679.4,173.28,158.16,596.7
2010-05-10,1467.892,144.298,240.99841,6134.6,0.0,24.179998,773.58
2010-05-11,1571.368,152.3,242.38307,6543.0,69.36,20.699999,685.08
2010-05-12,2035.418,159.798,241.71663,8482.0,62.16,266.04,981.72003
2010-05-13,1554.93,153.934,242.95892,6453.8,127.38,88.62,632.76
2010-05-14,1722.146,159.884,242.06723,7174.0,62.7,20.039999,1005.84
2010-05-15,1944.772,232.944,242.1027,8221.4,200.81999,20.16,820.2
2010-05-16,2100.426,164.382,240.97365,8862.4,201.66,235.32,713.28
2010-05-17,1628.182,147.376,241.36026,6801.4,60.84,22.019999,920.64
2010-05-18,1421.184,149.652,241.52087,5930.4,0.0,22.199999,700.62
2010-05-19,1426.752,151.254,241.60104,6013.8,127.32,39.54,591.84
2010-05-20,1153.898,139.14,242.45078,4831.6,0.0,22.14,606.06
2010-05-21,1294.396,167.694,241.75905,5468.8,64.38,22.859999,606.78
2010-05-22,2095.772,212.698,239.5531,8865.4,136.68,146.46,1047.24
2010-05-23,1487.556,253.1,240.69034,6333.2,51.84,24.96,572.46
2010-05-24,1341.332,228.04,241.0351,5718.4,112.5,148.02,464.76
2010-05-25,1198.626,203.866,240.26305,5171.0,28.44,27.06,626.34
2010-05-26,1387.884,241.61,239.54318,6026.4,54.84,270.0,511.80002
2010-05-27,1323.342,195.836,239.92094,5632.2,55.920002,26.58,640.14
2010-05-28,1398.1641,162.47,240.03958,5902.6,61.2,24.779999,696.96
2010-05-29,2049.808,205.612,240.20172,8698.4,243.42,24.0,998.10004
2010-05-30,1665.7,176.892,240.46701,7059.0,144.3,178.56,582.48004
2010-05-31,1340.462,145.874,240.69022,5721.2,102.6,130.26,627.66003
2010-06-01,1268.964,136.97,240.54028,5354.2,58.2,24.0,711.48004
2010-06-02,980.898,129.238,240.33646,4198.8,0.0,39.36,507.24002
2010-06-03,1394.186,164.036,240.2445,5982.0,174.96,27.06,738.24
2010-06-04,1420.554,185.244,240.27965,6052.8,101.700005,23.82,751.02
2010-06-05,2009.644,293.99,241.10039,8777.0,655.92,75.18,733.38
2010-06-06,1746.792,291.186,241.42162,7615.0,456.54,34.44,681.9
2010-06-07,1012.08203,184.11,242.33105,4367.4,109.26,29.279999,404.22
2010-06-08,1362.034,198.334,241.07684,5808.6,90.78,49.26,682.44
2010-06-09,1534.682,182.534,241.18674,6544.4,166.44,256.14,495.30002
2010-06-10,1215.19,173.226,241.69444,5171.8,0.0,28.439999,652.2
2010-06-11,1470.672,218.57,241.4533,6354.0,206.34,28.08,703.68
2010-06-12,1973.382,271.764,240.35597,8416.0,162.3,219.42,971.10004
2010-06-13,1674.356,253.716,241.20293,7286.4,295.32,150.96,545.76
2010-06-14,1217.984,178.64,241.61684,5203.8,57.48,28.38,620.16003
2010-06-15,1223.966,179.096,240.9033,5217.0,0.0,29.279999,608.64
2010-06-16,1768.092,183.078,240.75139,7464.6,112.5,299.94,620.16003
2010-06-17,1028.018,168.268,240.42708,4393.4,0.0,29.279999,510.6
2010-06-18,1332.316,171.418,240.52342,5682.2,58.620003,27.24,718.62
2010-06-19,1416.22,210.808,241.70364,6068.4,143.1,108.18,573.24
2010-06-20,1672.55,144.08,240.30783,7091.2,61.26,251.7,740.22003
2010-06-21,1660.89,169.68,240.954,7124.6,229.44,211.5,670.74
2010-06-22,1520.588,209.434,240.68492,6597.6,58.079998,370.56,553.8
2010-06-23,1442.064,296.482,239.9986,6311.8,344.4,90.0,611.28
2010-06-24,1095.78,230.782,240.80948,4715.4,58.38,52.98,485.4
2010-06-25,1099.438,218.734,240.53055,4782.4,0.0,41.34,627.96
2010-06-26,981.62,294.49,241.49486,4323.8,55.26,73.26,476.34
2010-06-27,1139.964,304.71,239.94748,5018.8,159.9,45.84,461.4
2010-06-28,1471.34,280.888,240.42902,6296.4,0.0,48.539997,750.96
2010-06-29,1368.808,322.904,240.33986,5994.8,104.76,118.74,496.86002
2010-06-30,1384.136,238.588,240.61096,5895.0,23.88,48.36,312.84
2010-07-01,1349.002,288.452,239.31421,5834.8,52.62,55.26,446.28
2010-07-02,1140.928,297.298,239.63013,5032.8,49.32,55.92,380.22
2010-07-03,1120.074,314.906,241.33629,4926.6,0.0,58.079998,369.06
2010-07-04,1538.088,280.146,240.33446,6569.0,51.6,48.239998,395.82
2010-07-05,1113.99,233.846,241.18256,4797.2,50.46,50.219997,414.78
2010-07-06,1005.934,192.292,240.52971,4328.2,0.0,46.26,507.06
2010-07-07,834.788,209.536,240.65744,3667.2,52.74,45.6,345.72
2010-07-08,1212.652,246.894,240.30412,5226.4,51.420002,81.0,507.54
2010-07-09,1083.478,314.074,240.79251,4785.4,0.0,37.5,321.36002
2010-07-10,1154.504,281.282,240.06252,5054.8,54.420002,74.4,535.26
2010-07-11,1193.572,302.624,239.77396,5253.2,50.88,35.64,466.86002
2010-07-12,1109.574,285.912,240.21864,4892.0,103.44,38.76,386.64
2010-07-13,1382.114,287.72202,240.4948,6106.2,136.38,169.56,473.64
2010-07-14,1409.472,248.48,240.34193,6135.2,63.84,35.879997,454.5
2010-07-15,1634.358,192.38,240.37085,6894.2,64.26,130.74,492.18
2010-07-16,820.056,196.728,241.15434,3581.4,0.0,34.079998,231.24
2010-07-17,806.352,181.35,241.1842,3490.8,0.0,32.46,365.64
2010-07-18,812.038,169.93,241.4502,3481.4,0.0,29.88,236.58
2010-07-19,801.158,192.498,241.84956,3448.8,0.0,32.94,366.30002
2010-07-20,855.824,218.46,241.64899,3698.6,0.53999996,33.0,310.68
2010-07-21,1064.166,244.246,241.72081,4615.0,121.799995,35.1,370.68
2010-07-22,1164.446,311.284,241.18977,5041.6,0.0,129.06,336.24
2010-07-23,1176.158,285.28,239.88292,5073.6,53.82,126.35999,497.7
2010-07-24,921.668,285.854,240.29688,4012.0,0.0,125.759995,233.52
2010-07-25,1130.41,258.166,240.27946,4850.8,0.0,223.92,452.94
2010-07-26,884.15,177.86,240.93764,3828.0,0.0,134.76,248.82
2010-07-27,952.36,174.73,239.6301,4070.8,54.420002,31.38,242.52
2010-07-28,862.654,182.866,240.30624,3720.2,48.06,32.64,433.92
2010-07-29,549.104,177.266,240.38452,2433.2,0.0,32.219997,249.48001
2010-07-30,551.26,172.854,240.04909,2441.0,0.0,32.04,245.22
2010-07-31,554.616,181.73,239.68086,2471.0,0.0,32.88,256.32
2010-08-01,555.664,184.49,239.8013,2477.6,0.0,33.48,255.78
2010-08-02,549.482,183.244,240.89735,2449.2,0.0,32.16,251.46
2010-08-03,615.212,177.116,241.5017,2668.4,0.0,31.619999,245.76
2010-08-04,543.356,179.432,241.39796,2408.0,0.0,31.92,246.96
2010-08-05,533.476,173.68001,241.85939,2353.8,0.0,31.019999,240.78
2010-08-06,524.746,164.584,240.95323,2309.2,0.0,30.42,236.82
2010-08-07,527.476,168.026,241.32504,2330.0,0.0,31.199999,238.08
2010-08-08,528.46,168.092,240.73447,2337.8,0.0,31.56,237.48
2010-08-09,535.064,171.492,241.06927,2359.4001,0.0,30.9,242.52
2010-08-10,544.758,181.808,241.95467,2397.4001,0.0,31.5,248.46
2010-08-11,542.002,176.064,240.54286,2407.2,0.0,32.52,247.08
2010-08-12,529.698,169.098,240.79492,2338.2,0.0,30.84,238.92
2010-08-13,534.294,165.538,240.99117,2353.8,0.0,30.48,245.82
2010-08-14,554.27,160.51,241.16588,2424.2,0.0,30.72,268.26
2010-08-15,1055.986,206.77,241.68663,4552.4,0.0,261.66,316.92
2010-08-16,1129.73,185.016,241.07695,4921.2,91.8,27.779999,439.68002
2010-08-17,1218.222,159.978,240.88327,5154.2,56.399998,46.86,356.88
2010-08-18,1218.222,159.978,240.88327,5154.2,56.399998,46.86,356.88
2010-08-19,1218.222,159.978,240.88327,5154.2,56.399998,46.86,356.88
2010-08-20,1218.222,159.978,240.88327,5154.2,56.399998,46.86,356.88
2010-08-21,1218.222,159.978,240.88327,5154.2,56.399998,46.86,356.88
2010-08-22,1105.036,167.864,241.13853,4707.2,56.399998,47.7,362.7
2010-08-23,765.658,206.796,242.04543,3352.2,0.0,33.899998,366.36002
2010-08-24,722.948,175.45801,241.60815,3247.0,0.0,32.46,342.72
2010-08-25,980.408,161.132,241.1163,4240.6,58.14,31.32,537.54
2010-08-26,757.252,178.094,241.8138,3312.8,0.0,32.28,304.68
2010-08-27,2030.65,304.318,240.85947,8631.4,55.8,454.98,762.42
2010-08-28,1442.856,237.504,242.56586,6165.8,125.16,32.94,778.98
2010-08-29,1668.48,191.694,241.00795,7110.4,180.3,32.04,785.7
2010-08-30,1494.802,180.656,241.37439,6310.8,56.4,88.2,707.4
2010-08-31,1365.106,168.46,241.19238,5909.0,125.94,103.38,477.48
2010-09-01,1593.318,180.18,241.26285,6756.0,116.82,71.64,839.4
2010-09-02,1392.492,170.312,240.94371,5887.8,55.739998,30.0,707.10004
2010-09-03,1346.414,168.596,240.53368,5721.8,56.4,31.38,584.82
2010-09-04,1743.84,218.024,241.10196,7449.8,156.3,44.04,794.46
2010-09-05,1323.018,187.01,242.14061,5707.8,96.54,163.92,448.26
2010-09-06,1422.876,161.204,241.84175,6058.0,189.84,31.92,610.44
2010-09-07,1451.854,167.962,241.27515,6202.2,115.74,55.32,709.74
2010-09-08,1303.812,171.182,240.98401,5575.8,0.06,29.699999,448.68002
2010-09-09,1238.714,167.954,240.60321,5330.4,108.78,127.68,420.96002
2010-09-10,1328.108,200.052,241.8182,5647.0,57.96,39.239998,646.38
2010-09-11,1463.31,235.63,241.67075,6209.2,55.8,85.619995,539.76
2010-09-12,1612.092,201.358,241.61972,6848.2,108.299995,124.799995,533.46
2010-09-13,1076.32,189.798,241.15527,4667.2,78.06,47.879997,402.6
2010-09-14,1430.678,197.004,240.94131,6101.8,112.44,162.3,616.2
2010-09-15,986.094,219.558,241.29678,4252.6,0.0,53.879997,361.08002
2010-09-16,1339.738,171.35,240.41176,5665.0,62.280003,44.34,618.60004
2010-09-17,1497.608,196.642,240.81487,6376.0,117.24,329.76,583.62
2010-09-18,1247.946,161.978,241.55907,5273.8,58.92,45.239998,706.74
2010-09-19,919.6,147.406,241.7113,3904.6,0.0,78.42,309.36002
2010-09-20,1682.832,195.214,241.49373,7179.8,199.38,45.96,795.72003
2010-09-21,1111.376,179.714,240.91864,4768.6,0.0,40.739998,478.14
2010-09-22,1510.394,188.33,240.65503,6434.0,148.32,70.02,706.08
2010-09-23,1449.862,164.938,240.7245,6088.0,61.260002,45.3,720.12
2010-09-24,1327.992,185.256,240.58871,5650.0,104.34,46.379997,519.96
2010-09-25,1350.486,179.054,240.55617,5739.0,104.34,43.739998,553.8
2010-09-26,1350.486,179.054,240.55617,5739.0,104.34,43.739998,553.8
2010-09-27,1350.486,179.054,240.55617,5739.0,104.34,43.739998,553.8
2010-09-28,1403.748,169.954,240.40755,5953.0,152.94,48.12,538.8
2010-09-29,1684.426,139.41,241.22342,7026.0,94.74,38.879997,782.82
2010-09-30,1248.278,153.23601,242.30779,5190.0,0.0,46.26,479.28
2010-10-01,1504.82,157.784,240.80197,6296.6,105.12,43.44,678.42
2010-10-02,1923.254,166.086,240.70345,8041.4,238.31999,44.46,811.92
2010-10-03,1830.684,202.814,241.93283,7773.8,300.0,153.84,464.28
2010-10-04,1775.96,187.584,240.62146,7485.0,102.54,43.32,495.12
2010-10-05,1854.624,212.642,239.919,7807.8,0.0,180.72,722.22003
2010-10-06,1315.456,140.568,241.27626,5494.4,60.96,31.619999,483.30002
2010-10-07,1809.954,180.096,241.60522,7614.2,129.54,32.579998,759.96
2010-10-08,1510.456,200.616,240.98221,6384.2,57.84,42.6,595.62
2010-10-09,1611.78,254.02,240.19844,6827.0,57.54,95.1,787.92004
2010-10-10,1998.904,327.446,240.34235,8522.2,199.5,46.379997,617.82
2010-10-11,1622.59,268.53,239.9262,6941.4,60.420002,300.36,524.04
2010-10-12,1579.692,170.268,240.26068,6741.2,66.24,46.8,588.72003
2010-10-13,2073.886,172.644,240.79933,8662.8,119.28,36.66,995.58
2010-10-14,2135.122,215.944,240.90321,9016.0,154.98,146.46,854.34
2010-10-15,1596.324,201.54,240.79494,6751.2,42.72,49.62,647.16003
2010-10-16,1000.014,167.938,241.9175,4228.0,0.0,38.7,459.36002
2010-10-17,1047.382,185.494,242.27582,4412.2,59.7,39.96,280.86002
2010-10-18,2713.884,261.184,241.8162,11380.8,134.04,613.08,982.92
2010-10-19,1925.978,219.57,241.91278,8140.4,61.5,246.59999,567.66003
2010-10-20,1727.964,162.564,242.24814,7248.4,129.24,41.399998,619.8
2010-10-21,1355.198,181.434,243.47241,5683.4,45.3,41.46,405.42
2010-10-22,1668.892,148.522,242.7982,6887.8,66.36,28.68,761.82
2010-10-23,2293.236,213.112,242.24353,9633.2,224.22,232.98,807.9
2010-10-24,2392.462,269.612,243.02257,10039.0,119.04,452.58,795.36
2010-10-25,1163.292,159.328,242.40616,4884.8,0.0,32.46,404.88
2010-10-26,945.904,173.266,244.89095,3960.6,0.0,149.28,299.34
2010-10-27,1260.278,153.832,246.1087,5217.0,0.0,123.479996,496.13998
2010-10-28,1463.326,187.24,246.2539,6048.2,66.18,157.62,545.22
2010-10-29,1204.422,195.72,245.7431,5057.2,64.5,43.559998,234.66
2010-10-30,2152.7,195.32,243.26736,8969.8,141.18,36.84,918.18
2010-10-31,1476.43,208.082,245.49527,6098.6,85.799995,40.68,335.34
2010-11-01,1383.18,187.086,246.37961,5670.2,0.0,38.04,524.76
2010-11-02,1191.082,186.52,245.78691,4927.4,0.0,34.44,347.04
2010-11-03,1293.298,176.264,244.27853,5413.8,61.26,66.479996,391.74
2010-11-04,2555.146,252.438,243.15224,10794.4,361.74,671.58,617.16003
2010-11-05,1736.088,180.498,243.77504,7276.8,0.0,47.399998,756.60004
2010-11-06,1805.408,193.95801,238.43024,7697.0,195.3,40.8,588.18
2010-11-07,1673.816,174.976,238.43648,7151.0,61.56,37.26,416.58
2010-11-08,1825.54,145.656,237.74306,7737.4,65.22,33.3,782.28
2010-11-09,2022.098,154.67,237.78809,8619.8,125.82,34.98,750.0
2010-11-10,1946.534,153.472,239.08476,8232.0,61.56,351.48,798.48004
2010-11-11,1773.592,152.188,238.72871,7568.0,205.44,132.96,375.54
2010-11-12,1836.822,151.144,238.83789,7826.2,123.24,29.34,618.48
2010-11-13,2023.174,162.18,239.33275,8524.2,63.06,35.34,831.18
2010-11-14,2038.392,203.694,239.2798,8686.6,320.63998,32.94,525.48
2010-11-15,1747.382,126.716,239.54924,7381.0,64.5,253.31999,535.08
2010-11-16,1509.748,133.598,241.19762,6341.2,0.0,28.68,476.94
2010-11-17,1582.032,141.916,241.45224,6669.0,69.18,29.46,534.9
2010-11-18,1652.152,206.196,241.01675,7022.8,130.5,29.34,566.94
2010-11-19,1570.4,122.928,240.04677,6593.0,0.0,28.98,714.84
2010-11-20,2197.006,153.768,240.60834,9320.2,262.02,176.81999,685.98
2010-11-21,900.91,119.624,241.18019,3798.6,0.0,30.359999,286.68
2010-11-22,2041.536,142.354,240.19711,8660.4,291.3,126.6,608.16003
2010-11-23,1577.536,137.45,240.57552,6731.2,112.26,27.48,456.66
2010-11-24,1796.248,132.46,240.03098,7559.4,65.76,170.88,733.44
2010-11-25,1431.164,116.128,241.53627,6004.0,64.56,25.56,304.32
2010-11-26,1488.104,120.826004,240.29103,6259.8,64.8,23.1,599.34
